Player,Team,G,GS,CG,SHO,IP,H,ER,K,BB,HR,W,L,SV,BS,HLD,ERA,WHIP
Max Scherzer,WAS,24,24,1,1,161.2,106,41,216,39,17,15,5,0,0,0,2.28,0.9
Corey Kluber,CLE,24,24,2,1,161,128,49,153,20,21,14,6,0,0,0,2.74,0.92
Trevor Bauer,CLE,24,24,0,0,159.2,123,40,206,56,7,11,6,0,0,0,2.25,1.12
Justin Verlander,HOU,25,25,1,1,158.1,116,44,206,28,22,11,7,0,0,0,2.5,0.91
Gerrit Cole,HOU,24,24,1,1,153.2,102,47,207,50,14,10,5,0,0,0,2.75,0.99
Jacob deGrom,NYM,23,23,0,0,152.1,113,30,183,34,8,6,7,0,0,0,1.77,0.96
Luis Severino,NYY,24,24,1,1,150.1,130,52,167,36,15,15,5,0,0,0,3.11,1.1
Jose Berrios,MIN,24,24,2,1,150,122,61,153,42,18,11,8,0,0,0,3.66,1.09
James Shields,CWS,25,24,0,0,150,135,75,118,60,21,4,13,0,0,0,4.5,1.3
Zack Greinke,ARI,24,24,0,0,149.2,127,48,152,29,20,12,7,0,0,0,2.89,1.04
Patrick Corbin,ARI,24,24,1,1,148.2,117,52,183,37,11,9,4,0,0,0,3.15,1.04
Aaron Nola,PHI,23,23,0,0,148,107,39,144,40,8,12,3,0,0,0,2.37,0.99
Dallas Keuchel,HOU,24,24,1,0,148,145,58,110,39,14,9,9,0,0,0,3.53,1.24
Mike Clevinger,CLE,23,23,1,1,146.2,130,55,144,46,13,7,7,0,0,0,3.38,1.2
Mike Leake,SEA,24,24,0,0,146.2,162,67,90,30,18,8,7,0,0,0,4.11,1.31
Rick Porcello,BOS,24,24,1,0,144.2,136,67,140,36,18,14,5,0,0,0,4.17,1.19
Miles Mikolas,STL,23,23,1,1,144.1,129,44,98,25,9,12,3,0,0,0,2.74,1.07
Sean Manaea,OAK,24,24,1,1,144,122,56,99,29,19,10,8,0,0,0,3.5,1.05
Clayton Richard,SD,24,24,0,0,142,137,81,100,58,16,7,10,0,0,0,5.13,1.37
Chris Sale,BOS,22,22,0,0,141,90,32,207,33,10,11,4,0,0,0,2.04,0.87
Kyle Gibson,MIN,23,23,0,0,140,118,56,135,56,15,5,9,0,0,0,3.6,1.24
Kyle Freeland,COL,23,23,0,0,139,123,47,110,50,13,10,7,0,0,0,3.04,1.24
James Paxton,SEA,23,23,2,1,139,115,56,175,37,17,10,5,0,0,0,3.63,1.09
Kyle Hendricks,CHC,24,24,0,0,138.2,134,62,115,34,20,8,9,0,0,0,4.02,1.21
Danny Duffy,KC,24,24,0,0,138,141,72,126,63,21,7,10,0,0,0,4.7,1.48
Jhoulys Chacin,MIL,25,25,0,0,138,115,60,109,53,14,11,4,0,0,0,3.91,1.22
Marco Gonzales,SEA,23,23,1,0,137.2,140,58,121,25,16,12,7,0,0,0,3.79,1.2
Tyler Anderson,COL,24,24,0,0,137,116,60,127,48,21,6,4,0,0,0,3.94,1.2
Tanner Roark,WAS,23,22,0,0,136.2,131,64,118,44,16,6,12,0,0,0,4.21,1.28
Reynaldo Lopez,CWS,23,23,0,0,136,124,65,96,59,20,4,9,0,0,0,4.3,1.35
Zack Wheeler,NYM,22,22,0,0,134.1,120,57,133,44,12,7,6,0,0,0,3.82,1.22
Jameson Taillon,PIT,23,23,2,1,134,129,54,119,35,13,9,8,0,0,0,3.63,1.22
Charlie Morton,HOU,22,22,0,0,131.1,97,41,167,53,14,12,2,0,0,0,2.81,1.14
Jon Lester,CHC,23,23,0,0,130.2,118,50,100,51,19,12,4,0,0,0,3.44,1.29
Zack Godley,ARI,24,23,0,0,130.1,127,63,137,60,12,12,6,0,0,0,4.35,1.43
Bartolo Colon,TEX,23,21,1,0,130.1,144,75,72,22,26,6,10,0,0,0,5.18,1.27
Carlos Carrasco,CLE,22,21,2,0,129.1,123,53,146,27,16,13,6,0,0,0,3.69,1.16
Jose Urena,MIA,23,23,0,0,129,128,68,104,37,15,3,12,0,0,0,4.74,1.28
German Marquez,COL,23,23,0,0,128.2,132,67,139,45,20,9,9,0,0,0,4.69,1.38
David Price,BOS,22,22,1,0,128.1,117,56,124,39,18,11,6,0,0,0,3.93,1.22
Blake Snell,TB,22,22,0,0,128,83,31,143,49,13,13,5,0,0,0,2.18,1.03
Andrew Heaney,LAA,21,21,1,1,127.1,114,56,122,34,16,7,7,0,0,0,3.96,1.16
Jon Gray,COL,22,22,0,0,127.1,130,68,148,37,14,9,7,0,0,0,4.81,1.31
Jake Arrieta,PHI,22,22,0,0,127.1,113,44,91,40,11,9,6,0,0,0,3.11,1.2
Dylan Bundy,BAL,22,22,1,0,126.1,125,66,132,41,29,7,10,0,0,0,4.7,1.31
Lance McCullers,HOU,22,22,0,0,126,100,55,138,50,12,10,6,0,0,0,3.93,1.19
Sean Newcomb,ATL,22,22,0,0,125.2,92,44,116,59,13,10,5,0,0,0,3.15,1.2
Lucas Giolito,CWS,23,23,0,0,125.2,118,87,84,71,21,7,9,0,0,0,6.23,1.5
Chase Anderson,MIL,23,23,0,0,125.1,100,53,100,48,23,7,7,0,0,0,3.81,1.18
Gio Gonzalez,WAS,23,23,0,0,125,125,54,111,60,13,7,8,0,0,0,3.89,1.48
Derek Holland,SF,26,22,0,0,124.2,115,55,125,44,16,6,8,0,0,0,3.97,1.28
Ivan Nova,PIT,22,22,0,0,124.1,136,61,88,27,20,7,6,0,0,0,4.42,1.31
Mike Foltynewicz,ATL,22,22,1,1,124,97,41,145,51,14,9,7,0,0,0,2.98,1.19
Kevin Gausman,BAL,21,21,0,0,124,139,61,104,32,21,5,8,0,0,0,4.43,1.38
Felix Hernandez,SEA,23,23,0,0,124,132,79,99,46,20,8,10,0,0,0,5.73,1.44
Tyson Ross,SD,22,22,0,0,123.1,112,61,107,52,16,6,9,0,0,0,4.45,1.33
Alex Wood,LAD,22,22,0,0,123.1,114,49,107,30,12,7,6,0,0,0,3.58,1.17
Mike Minor,TEX,22,22,0,0,123,116,63,100,27,20,9,6,0,0,0,4.61,1.16
Matt Boyd,DET,22,22,0,0,122.2,103,59,111,40,14,6,10,0,0,0,4.33,1.17
Sal Romano,CIN,24,22,0,0,122,125,67,87,45,21,7,9,0,0,1,4.94,1.39
Junior Guerra,MIL,22,22,0,0,121.2,108,46,114,49,16,6,7,0,0,0,3.4,1.29
Luke Weaver,STL,23,23,0,0,121.2,127,63,111,43,16,6,10,0,0,0,4.66,1.4
Jakob Junis,KC,21,21,0,0,121,127,67,114,37,26,6,11,0,0,0,4.98,1.36
Luis Castillo,CIN,23,23,0,0,121,122,66,113,39,20,6,9,0,0,0,4.91,1.33
Andrew Cashner,BAL,22,22,0,0,121,132,65,88,51,17,3,10,0,0,0,4.83,1.51
Julio Teheran,ATL,22,22,0,0,120.2,93,60,111,61,22,8,7,0,0,0,4.48,1.28
Jose Quintana,CHC,22,22,0,0,120,111,57,105,54,17,10,8,0,0,0,4.28,1.38
Jake Odorizzi,MIN,24,24,0,0,120,120,60,120,49,18,4,7,0,0,0,4.5,1.41
Nick Pivetta,PHI,24,23,0,0,119.2,120,60,147,33,17,7,9,0,0,0,4.51,1.28
Mike Fiers,DET,21,21,0,0,119,121,46,87,26,20,7,6,0,0,0,3.48,1.24
Vince Velasquez,PHI,23,22,0,0,117.2,99,52,131,45,13,8,9,0,0,0,3.98,1.22
Alex Cobb,BAL,21,21,0,0,116.2,145,72,78,31,18,3,14,0,0,0,5.55,1.51
Trevor Williams,PIT,22,22,1,1,116,107,50,80,40,13,9,8,0,0,0,3.88,1.27
Cole Hamels,TEX,20,20,0,0,114.1,115,60,114,42,23,5,9,0,0,0,4.72,1.37
J.A. Happ,TOR,20,20,0,0,114,99,53,130,35,17,10,6,0,0,0,4.18,1.18
CC Sabathia,NYY,21,21,0,0,113.1,111,44,99,38,16,6,4,0,0,0,3.49,1.31
Tyler Skaggs,LAA,20,20,0,0,113.1,108,42,118,34,9,8,7,0,0,0,3.34,1.25
Wade LeBlanc,SEA,23,18,0,0,113.1,107,48,89,23,17,6,2,0,0,0,3.81,1.15
Jason Hammel,KC,26,18,0,0,112.2,147,74,76,34,15,2,11,0,0,1,5.91,1.61
Michael Fulmer,DET,19,19,0,0,112,110,56,93,38,14,3,9,0,0,0,4.5,1.32
Andrew Suarez,SF,20,20,0,0,110.2,121,57,96,26,17,4,8,0,0,0,4.64,1.33
Ross Stripling,LAD,28,17,0,0,110,107,32,121,17,14,8,3,0,0,2,2.62,1.13
Kenta Maeda,LAD,22,20,0,0,109,99,46,130,40,11,7,7,0,0,0,3.8,1.28
Tyler Mahle,CIN,22,22,0,0,109,120,60,105,50,21,7,9,0,0,0,4.95,1.56
Ryan Yarbrough,TB,28,5,0,0,108.1,106,51,97,39,16,10,5,0,0,0,4.24,1.34
Masahiro Tanaka,NYY,19,19,1,1,108,90,49,111,29,22,9,3,0,0,0,4.08,1.1
Steven Matz,NYM,21,21,0,0,107.2,103,52,99,41,17,5,9,0,0,0,4.35,1.34
Sonny Gray,NYY,22,21,0,0,106.2,113,64,103,47,13,9,8,0,0,0,5.4,1.5
Marco Estrada,TOR,20,20,0,0,106,104,57,80,32,18,5,9,0,0,0,4.84,1.28
Eduardo Rodriguez,BOS,19,19,0,0,104.2,96,40,110,32,12,11,3,0,0,0,3.44,1.22
Lance Lynn,MIN,20,20,0,0,102.1,105,58,100,62,12,7,8,0,0,0,5.1,1.63
Clayton Kershaw,LAD,17,17,0,0,101.1,89,29,99,19,10,5,5,0,0,0,2.58,1.07
Brent Suter,MIL,20,18,0,0,101.1,102,50,84,19,18,8,7,0,0,0,4.44,1.19
Chris Stratton,SF,20,19,0,0,101,116,62,79,41,14,8,7,0,0,0,5.52,1.55
Carlos Martinez,STL,18,18,0,0,100.1,89,38,98,49,5,6,6,0,0,0,3.41,1.38
Chad Bettis,COL,18,18,0,0,100,103,63,72,40,17,5,2,0,0,0,5.67,1.43
Mike Montgomery,CHC,31,13,0,0,98.1,101,40,60,31,7,4,4,0,0,0,3.66,1.34
Tyler Chatwood,CHC,21,19,0,0,96.2,86,56,83,88,9,4,5,0,0,0,5.21,1.8
Jack Flaherty,STL,18,18,0,0,96.1,73,35,118,33,14,5,6,0,0,0,3.27,1.1
Chris Archer,TB,17,17,0,0,96,102,46,102,31,11,3,5,0,0,0,4.31,1.39
Ian Kennedy,KC,18,18,0,0,94.2,102,54,87,34,18,1,8,0,0,0,5.13,1.44
Ty Blach,SF,33,12,0,0,94.2,113,45,52,32,6,6,6,0,0,3,4.28,1.53
Dan Straily,MIA,18,18,0,0,93,83,45,80,46,17,4,5,0,0,0,4.35,1.39
Marcus Stroman,TOR,16,16,0,0,91.2,98,53,72,33,8,4,8,0,0,0,5.2,1.43
Zach Eflin,PHI,16,16,0,0,90.2,81,36,86,19,13,8,4,0,0,0,3.57,1.1
Daniel Mengden,OAK,16,16,1,1,90.2,87,45,55,19,15,6,6,0,0,0,4.47,1.17
Francisco Liriano,DET,18,17,0,0,90.2,78,44,73,51,13,3,6,0,0,0,4.37,1.42
Wei-Yin Chen,MIA,18,18,0,0,88.2,91,54,66,36,14,4,8,0,0,0,5.48,1.43
Brad Keller,KC,33,12,1,0,88.1,84,35,58,38,3,4,5,0,2,5,3.57,1.38
Noah Syndergaard,NYM,15,15,0,0,88,90,31,93,17,6,7,2,0,0,0,3.17,1.22
Jaime Barria,LAA,17,17,0,0,87.2,81,35,64,25,14,7,7,0,0,0,3.59,1.21
Eric Lauer,SD,18,18,0,0,86.2,111,51,75,37,13,5,7,0,0,0,5.3,1.71
Anibal Sanchez,ATL,16,15,0,0,86,64,27,84,26,10,6,3,0,0,0,2.83,1.05
Trevor Richards,MIA,17,17,0,0,86,80,38,85,38,7,3,7,0,0,0,3.98,1.37
Stephen Strasburg,WAS,14,14,0,0,85.1,77,37,101,21,12,6,7,0,0,0,3.9,1.15
Chad Kuhl,PIT,16,16,0,0,85,89,43,81,33,14,5,5,0,0,0,4.55,1.44
Michael Wacha,STL,15,15,0,0,84.1,68,30,71,36,9,8,2,0,0,0,3.2,1.23
Jeremy Hellickson,WAS,17,17,0,0,84,73,33,62,17,10,5,2,0,0,0,3.54,1.07
Jordan Zimmermann,DET,16,16,0,0,83.2,87,37,74,16,14,5,4,0,0,0,3.98,1.23
Joey Lucchesi,SD,17,17,0,0,82.2,76,34,87,28,14,5,6,0,0,0,3.7,1.26
Domingo German,NYY,19,13,0,0,82.1,77,52,95,32,15,2,6,0,0,0,5.68,1.32
Seth Lugo,NYM,39,5,0,0,80.1,67,25,78,26,7,3,3,0,1,7,2.8,1.16
Homer Bailey,CIN,15,15,1,0,80,100,55,54,27,17,1,9,0,0,0,6.19,1.59
Matt Moore,TEX,24,12,0,0,80,112,66,63,35,13,1,6,0,1,0,7.43,1.84
Aaron Sanchez,TOR,15,15,0,0,79.2,75,40,67,45,8,3,5,0,0,0,4.52,1.51
Rich Hill,LAD,16,15,0,0,79.2,73,32,86,30,12,5,4,0,0,0,3.62,1.29
Hector Santiago,CWS,37,7,0,0,79,81,46,73,44,15,4,3,1,0,0,5.24,1.58
Dylan Covey,CWS,15,15,0,0,79,88,49,56,34,8,4,8,0,0,0,5.58,1.54
Brandon McCarthy,ATL,15,15,0,0,78.2,94,43,65,21,15,6,3,0,0,0,4.92,1.46
Sam Gaviglio,TOR,17,15,0,0,78,85,44,74,27,14,2,4,0,0,0,5.08,1.44
Caleb Smith,MIA,16,16,0,0,77.1,63,36,88,33,10,5,6,0,0,0,4.19,1.24
Matt Harvey,CIN,15,15,0,0,77,79,41,57,19,13,5,5,0,0,0,4.79,1.27
Garrett Richards,LAA,16,16,0,0,76.1,64,31,87,34,11,5,4,0,0,0,3.66,1.28
Nick Tropeano,LAA,14,14,0,0,76,68,40,64,31,16,5,6,0,0,0,4.74,1.3
Trevor Cahill,OAK,13,13,0,0,75,57,26,75,23,6,4,2,0,0,0,3.12,1.07
Walker Buehler,LAD,14,13,0,0,74.1,63,30,79,16,9,5,4,0,1,0,3.63,1.06
Blaine Hardy,DET,22,12,0,0,74.1,69,30,54,19,9,4,4,1,0,2,3.63,1.18
Joe Musgrove,PIT,12,12,0,0,74,71,28,56,19,6,4,6,0,0,0,3.41,1.22
Matt Koch,ARI,15,12,0,0,73.2,70,35,38,17,16,5,4,0,0,0,4.28,1.18
Madison Bumgarner,SF,12,12,0,0,73.2,62,22,63,30,5,4,4,0,0,0,2.69,1.25
Dereck Rodriguez,SF,13,11,0,0,73,59,19,61,18,4,5,1,0,0,0,2.34,1.05
Carlos Rodon,CWS,11,11,0,0,72.1,48,21,58,28,8,3,3,0,0,0,2.61,1.05
Brian Johnson,BOS,29,8,0,0,72,76,32,69,24,11,3,3,0,0,0,4,1.39
Yusmeiro Petit,OAK,54,0,0,0,71.2,61,25,58,13,9,5,2,0,2,11,3.14,1.03
Jordan Lyles,SD,24,8,0,0,71.1,71,34,62,19,12,2,4,0,0,2,4.29,1.26
Robbie Ray,ARI,14,14,0,0,71.1,66,39,95,37,13,3,2,0,0,0,4.92,1.44
Jaime Garcia,TOR,20,13,0,0,70.2,75,49,63,38,13,2,6,0,0,2,6.24,1.6
Robbie Erlin,SD,31,4,0,0,69.2,61,26,57,8,7,2,3,0,0,1,3.36,0.99
Steven Brault,PIT,31,5,0,0,69.1,64,38,60,46,7,5,2,0,0,2,4.93,1.59
John Gant,STL,17,10,0,0,69.1,54,30,59,31,6,4,4,0,0,0,3.89,1.23
Anthony DeSclafani,CIN,12,12,0,0,66.2,63,33,59,18,15,6,3,0,0,0,4.46,1.22
Doug Fister,TEX,12,12,0,0,66,73,33,40,19,11,1,7,0,0,0,4.5,1.39
Miguel Castro,BAL,47,1,0,0,65.2,53,28,47,43,5,2,7,0,2,1,3.84,1.46
T.J. McFarland,ARI,39,0,0,0,65,60,13,35,18,4,2,2,1,0,0,1.8,1.2
Clay Buchholz,ARI,11,11,0,0,64,57,19,55,16,7,5,2,0,0,0,2.67,1.14
Shane Bieber,CLE,11,11,0,0,63.2,74,30,66,13,6,6,2,0,0,0,4.24,1.37
Robert Gsellman,NYM,51,0,0,0,63.2,57,28,58,25,7,6,2,6,5,12,3.96,1.29
Noe Ramirez,LAA,53,0,0,0,63.1,63,33,74,24,12,4,3,0,2,4,4.69,1.37
Nick Kingham,PIT,12,12,0,0,61,59,34,56,19,13,5,6,0,0,0,5.02,1.28
Burch Smith,KC,30,6,0,0,60.2,67,47,59,30,14,1,4,0,0,1,6.97,1.6
Mike Wright,BAL,34,2,0,0,60,73,32,51,24,7,3,0,0,0,1,4.8,1.62
Austin Pruitt,TB,20,0,0,0,60,61,32,38,14,7,2,3,2,1,0,4.8,1.25
Matt Andriese,TB,27,4,0,0,59.2,55,27,59,18,7,3,4,0,0,2,4.07,1.22
Jared Hughes,CIN,52,0,0,0,59.1,46,9,44,17,2,3,3,7,2,14,1.37,1.06
David Hess,BAL,13,11,0,0,59,65,41,37,24,14,2,6,0,0,0,6.25,1.51
Hector Velazquez,BOS,33,3,0,0,58,66,17,36,16,5,7,0,0,0,1,2.64,1.41
Blake Treinen,OAK,48,0,0,0,58,37,6,76,19,1,5,2,29,4,0,0.93,0.97
Jordan Hicks,STL,53,0,0,0,58,40,20,47,28,1,3,3,2,4,17,3.1,1.17
Craig Stammen,SD,52,0,0,0,58,50,15,66,11,1,5,1,0,4,17,2.33,1.05
Frankie Montas,OAK,10,10,0,0,57.2,65,24,39,19,4,5,3,0,0,0,3.75,1.46
Lou Trivino,OAK,47,0,0,0,57,35,10,62,23,4,8,2,4,4,15,1.58,1.02
Nathan Eovaldi,TB,10,10,0,0,57,48,27,53,8,11,3,4,0,0,0,4.26,0.98
Edwin Diaz,SEA,57,0,0,0,57,30,13,96,15,3,0,3,44,3,0,2.05,0.79
Brian Flynn,KC,33,0,0,0,56.2,68,26,34,25,3,2,3,1,1,2,4.13,1.64
Josh Hader,MIL,38,0,0,0,56.1,24,10,101,23,4,4,1,8,3,16,1.6,0.83
Freddy Peralta,MIL,11,11,0,0,56.1,34,28,74,33,5,5,3,0,0,0,4.47,1.19
Mychal Givens,BAL,51,0,0,0,56.1,54,29,62,26,2,0,6,3,2,15,4.63,1.42
Adam Ottavino,COL,53,0,0,0,56.1,30,10,82,23,3,4,2,5,3,24,1.6,0.94
Jesse Chavez,TEX,30,0,0,0,56.1,58,22,50,12,10,3,1,1,0,3,3.51,1.24
Trevor Hildenberger,MIN,54,0,0,0,56,55,28,53,16,9,2,3,0,2,18,4.5,1.27
Tyler Glasnow,PIT,34,0,0,0,56,47,27,72,34,5,1,2,0,0,4,4.34,1.45
Fernando Romero,MIN,11,11,0,0,55.2,60,29,45,19,6,3,3,0,0,0,4.69,1.42
Jeremy Jeffress,MIL,55,0,0,0,55.2,38,8,63,18,3,6,1,4,4,17,1.29,1.01
Jarlin Garcia,MIA,15,6,0,0,55.1,45,27,36,21,14,1,1,0,0,0,4.39,1.19
Collin McHugh,HOU,40,0,0,0,55,26,6,70,13,4,5,1,0,1,5,0.98,0.71
Kenley Jansen,LAD,51,0,0,0,54.1,35,13,61,14,6,0,3,32,3,0,2.15,0.9
Dan Jennings,MIL,55,0,0,0,54.1,54,19,42,19,4,4,3,1,1,10,3.15,1.34
Chad Green,NYY,46,0,0,0,54.1,49,18,66,11,7,5,2,0,3,11,2.98,1.1
Shane Carle,ATL,44,0,0,0,54.1,45,19,41,23,2,4,1,0,1,12,3.15,1.25
Jake Faria,TB,12,10,0,0,54.1,48,30,44,26,7,4,3,0,0,0,4.97,1.36
Sam Dyson,SF,56,0,0,0,54,43,17,42,15,5,2,2,3,4,15,2.83,1.07
Archie Bradley,ARI,55,0,0,0,54,37,18,54,14,7,3,3,3,3,30,3,0.94
Tyler Clippard,TOR,56,1,0,0,53.2,44,23,63,18,11,4,3,7,6,8,3.86,1.16
Amir Garrett,CIN,53,0,0,0,53.1,42,21,61,19,7,0,2,0,2,19,3.54,1.14
Steve Cishek,CHC,56,0,0,0,53,34,11,60,20,2,3,1,3,2,16,1.87,1.02
Joe Biagini,TOR,35,4,0,0,53,72,39,40,16,13,1,6,0,0,4,6.62,1.66
Johnny Cueto,SF,9,9,0,0,53,46,19,38,13,8,3,2,0,0,0,3.23,1.11
Martin Perez,TEX,10,10,0,0,52.2,79,36,33,23,11,2,4,0,0,0,6.15,1.94
Edgar Santana,PIT,54,0,0,0,52.1,49,16,47,9,5,2,1,0,4,16,2.75,1.11
Reyes Moronta,SF,55,0,0,0,52.1,24,10,61,29,2,5,1,1,4,10,1.72,1.01
Drew Pomeranz,BOS,12,11,0,0,52.1,61,36,45,33,10,2,5,0,0,0,6.19,1.8
Scott Alexander,LAD,52,1,0,0,52.1,42,19,45,24,2,2,0,2,1,16,3.27,1.26
David Robertson,NYY,51,0,0,0,52,35,19,65,17,5,7,3,2,4,15,3.29,1
Brad Ziegler,MIA,53,0,0,0,52,49,23,37,17,7,1,5,10,1,11,3.98,1.27
Blake Parker,LAA,51,0,0,0,52,44,19,58,17,9,2,1,11,3,2,3.29,1.17
Sergio Romo,TB,56,5,0,0,52,46,21,58,16,6,2,3,14,7,7,3.63,1.19
Cam Bedrosian,LAA,56,0,0,0,51.1,51,19,46,21,5,3,2,1,5,9,3.33,1.4
John Axford,TOR,45,1,0,0,51,44,25,50,20,6,4,1,0,0,6,4.41,1.25
Brad Peacock,HOU,46,0,0,0,50.2,37,16,75,13,9,2,4,2,2,7,2.84,0.99
Yovani Gallardo,TEX,9,9,0,0,50.2,48,28,30,22,7,7,1,0,0,0,4.97,1.38
Tony Watson,SF,54,0,0,0,50.2,42,13,51,11,3,4,4,0,3,24,2.31,1.05
Drew Steckenrider,MIA,54,0,0,0,50,43,19,56,21,3,3,2,1,3,18,3.42,1.28
Yoshihisa Hirano,ARI,54,0,0,0,50,34,12,43,16,4,3,2,0,3,25,2.16,1
Matt Barnes,BOS,49,0,0,0,50,31,14,78,25,2,4,3,0,2,24,2.52,1.12
Raisel Iglesias,CIN,46,0,0,0,50,37,14,52,15,8,1,1,22,3,0,2.52,1.04
Buck Farmer,DET,50,0,0,0,50,55,26,46,30,6,3,4,0,0,7,4.68,1.7
Elieser Hernandez,MIA,23,5,0,0,49.2,55,32,34,22,8,2,6,0,0,2,5.8,1.55
Eric Skoglund,KC,9,9,0,0,49.2,55,37,39,14,10,1,5,0,0,0,6.7,1.39
Joe Jimenez,DET,53,0,0,0,49.1,39,18,55,15,3,4,2,3,3,16,3.28,1.09
Shohei Ohtani,LAA,9,9,0,0,49.1,36,17,61,20,5,4,1,0,0,0,3.1,1.14
Josh Tomlin,CLE,23,6,0,0,49,63,38,30,10,21,0,5,0,0,0,6.98,1.49
Ryan Tepera,TOR,49,0,0,0,48.2,46,22,52,15,7,5,4,7,7,9,4.07,1.25
Bryan Mitchell,SD,12,7,0,0,48.1,63,38,23,35,9,0,3,0,0,0,7.08,2.03
Adam Cimber,SD,42,0,0,0,48.1,42,17,51,10,2,3,5,0,1,5,3.17,1.08
Joe Kelly,BOS,52,0,0,0,48.1,37,23,48,23,3,3,0,2,3,18,4.28,1.24
Kevin McCarthy,KC,43,0,0,0,48.1,44,20,29,17,6,4,4,0,2,12,3.72,1.26
Emilio Pagan,OAK,41,0,0,0,48.1,41,18,48,15,7,3,0,0,0,5,3.35,1.16
Felipe Vazquez,PIT,50,0,0,0,48,42,16,65,18,2,4,2,26,4,0,3,1.25
Dellin Betances,NYY,47,0,0,0,48,27,12,85,19,4,2,3,0,0,17,2.25,0.96
Shane Greene,DET,49,0,0,0,48,47,22,48,14,7,2,5,24,3,0,4.13,1.27
Kyle Barraclough,MIA,51,0,0,0,48,32,20,52,29,6,0,5,10,6,8,3.75,1.27
Jose Alvarez,LAA,59,0,0,0,48,42,15,44,20,3,4,3,0,3,8,2.81,1.29
Jose Alvarado,TB,50,0,0,0,48,35,13,49,24,1,1,4,4,2,21,2.44,1.23
Ryan Borucki,TOR,8,8,0,0,48,52,15,32,14,1,2,2,0,0,0,2.81,1.38
Alex Claudio,TEX,46,0,0,0,47.2,74,27,28,8,2,4,2,1,2,11,5.1,1.72
Dan Winkler,ATL,51,0,0,0,47.2,38,15,58,12,3,2,0,1,2,18,2.83,1.05
Ryan Pressly,MIN,51,0,0,0,47.2,46,18,69,19,5,1,1,0,4,8,3.4,1.36
Richard Rodriguez,PIT,43,0,0,0,47.2,42,16,56,13,4,2,2,0,0,5,3.02,1.15
Brett Anderson,OAK,10,10,0,0,47.2,56,24,25,11,7,2,3,0,0,0,4.53,1.41
Taylor Rogers,MIN,51,0,0,0,47.1,41,20,55,13,3,1,2,0,2,8,3.8,1.14
Jason Vargas,NYM,12,12,0,0,47.1,67,46,43,20,12,2,8,0,0,0,8.75,1.84
Chris Volstad,CWS,33,1,0,0,47.1,65,33,29,12,9,1,5,0,1,0,6.27,1.63
Cody Allen,CLE,48,0,0,0,47.1,39,23,53,20,9,4,4,21,3,1,4.37,1.25
Wade Davis,COL,51,0,0,0,47.1,36,29,53,24,8,1,6,32,6,0,5.51,1.27
Antonio Senzatela,COL,15,5,0,0,47.1,46,24,37,17,3,4,3,0,0,0,4.56,1.33
Seung Hwan Oh,TOR,48,0,0,0,47,37,14,55,10,5,4,3,2,3,13,2.68,1
Pedro Strop,CHC,48,0,0,0,47,33,14,47,17,3,4,1,9,3,7,2.68,1.06
Heath Hembree,BOS,49,0,0,0,47,43,20,62,22,6,4,1,0,2,16,3.83,1.38
Craig Kimbrel,BOS,47,0,0,0,47,27,13,69,21,6,3,1,33,4,0,2.49,1.02
Edwin Jackson,OAK,8,8,0,0,47,36,15,35,14,5,3,2,0,0,0,2.87,1.06
Bud Norris,STL,48,0,0,0,47,39,15,58,9,5,3,3,22,3,2,2.87,1.02
Yonny Chirinos,TB,10,7,0,0,46.1,42,18,43,14,4,1,4,0,0,0,3.5,1.21
Jonathan Holder,NYY,42,0,0,0,46.1,39,18,41,10,3,1,3,0,0,5,3.5,1.06
A.J. Minter,ATL,50,0,0,0,46.1,39,15,52,16,2,4,2,9,1,11,2.91,1.19
Paul Sewald,NYM,32,0,0,0,45.2,43,24,46,14,7,0,4,0,2,2,4.73,1.25
Ryne Stanek,TB,37,18,0,0,45.2,27,13,60,19,6,1,3,0,0,5,2.56,1.01
Kirby Yates,SD,46,0,0,0,45.1,29,8,60,13,2,4,0,4,0,16,1.59,0.93
Jim Johnson,LAA,44,0,0,0,45.1,40,16,35,16,4,4,2,1,2,5,3.18,1.24
Alex Wilson,DET,41,0,0,0,45,38,19,29,12,5,1,3,0,3,9,3.8,1.11
Aroldis Chapman,NYY,47,0,0,0,45,20,11,81,25,1,3,0,29,2,0,2.2,1
Kyle Crick,PIT,47,0,0,0,44.2,34,12,47,19,1,2,1,2,1,12,2.42,1.19
Bryan Shaw,COL,50,0,0,0,44.2,59,32,46,23,8,3,5,0,4,13,6.45,1.84
Jesse Biddle,ATL,38,0,0,0,44.2,29,11,46,19,4,3,0,1,1,6,2.22,1.07
Jeff Samardzija,SF,10,10,0,0,44.2,47,31,30,26,6,1,5,0,0,0,6.25,1.63
Chasen Bradford,SEA,37,0,0,0,44.1,42,15,32,9,7,5,0,0,0,2,3.05,1.15
Brad Hand,SD,41,0,0,0,44.1,33,15,65,15,5,2,4,24,5,3,3.05,1.08
Justin Wilson,CHC,50,0,0,0,44,32,16,57,30,4,3,3,0,1,10,3.27,1.41
David Hernandez,CIN,37,0,0,0,44,30,9,42,13,2,4,0,0,4,11,1.84,0.98
Tayron Guerrero,MIA,45,0,0,0,44,43,20,56,25,4,1,2,0,1,7,4.09,1.55
Daniel Hudson,LAD,38,1,0,0,43.2,36,19,40,18,5,3,2,0,1,3,3.92,1.24
Victor Arano,PHI,41,0,0,0,43.2,35,10,47,13,2,1,1,3,0,8,2.06,1.1
Fernando Rodney,MIN,46,0,0,0,43.2,42,15,50,19,5,3,2,25,6,0,3.09,1.4
Addison Reed,MIN,44,0,0,0,43.2,50,23,38,13,8,1,6,0,4,10,4.74,1.44
Felix Pena,LAA,11,9,0,0,43.2,44,24,40,17,7,1,3,0,0,0,4.95,1.4
Justin Anderson,LAA,42,0,0,0,43.1,35,14,55,26,3,3,2,4,1,15,2.91,1.41
Michael Lorenzen,CIN,29,0,0,0,43,41,14,29,19,2,1,1,1,1,6,2.93,1.4
Tommy Hunter,PHI,46,0,0,0,43,48,19,35,9,3,3,1,2,2,21,3.98,1.33
Zach Davies,MIL,8,8,0,0,43,45,25,31,17,7,2,5,0,0,0,5.23,1.44
Matt Strahm,SD,26,5,0,0,43,26,11,44,16,4,3,3,0,0,3,2.3,0.98
Jose Leclerc,TEX,44,0,0,0,42.2,21,10,60,20,1,2,3,1,4,15,2.11,0.96
Matt Grace,WAS,36,0,0,0,42.2,39,13,36,10,4,0,1,0,0,3,2.74,1.15
Ryan Madson,WAS,47,0,0,0,42.2,45,21,40,15,4,2,4,4,2,13,4.43,1.41
Taylor Williams,MIL,42,0,0,0,42.2,40,20,49,21,4,0,3,0,0,4,4.22,1.43
Brandon Kintzler,WAS,45,0,0,0,42.2,40,17,31,13,2,1,2,2,3,15,3.59,1.24
Will Harris,HOU,47,0,0,0,42.1,40,21,52,11,3,3,3,0,3,12,4.46,1.2
Dan Otero,CLE,42,0,0,0,42,44,23,31,4,8,1,1,1,2,1,4.93,1.14
Juan Nicasio,SEA,46,0,0,0,42,53,28,53,5,6,1,6,1,6,19,6,1.38
Adam Plutko,CLE,9,6,0,0,41.2,41,22,29,11,11,4,2,1,0,0,4.75,1.25
Zach McAllister,CLE,41,0,0,0,41.2,47,23,34,10,7,1,2,0,1,4,4.97,1.37
Hector Rondon,HOU,44,0,0,0,41.2,33,10,53,12,2,2,2,13,3,3,2.16,1.08
Jacob Barnes,MIL,40,0,0,0,41.2,46,17,42,18,4,0,1,2,2,3,3.67,1.54
Pablo Lopez,MIA,7,7,0,0,41.2,37,20,33,10,7,2,2,0,0,0,4.32,1.13
Andrew Triggs,OAK,9,9,0,0,41.1,37,24,43,18,7,3,1,0,0,0,5.23,1.33
Matt Magill,MIN,25,0,0,0,41,40,17,39,9,7,2,2,0,0,0,3.73,1.2
Austin Bibens-Dirkx,TEX,10,6,0,0,41,53,30,30,11,8,2,3,0,0,0,6.59,1.56
Mike Mayers,STL,36,0,0,0,41,39,16,35,11,4,2,1,1,0,5,3.51,1.22
Michael Feliz,PIT,39,0,0,0,40.2,43,25,47,18,5,0,2,0,2,12,5.53,1.5
Jeurys Familia,NYM,40,0,0,0,40.2,36,13,43,14,1,4,4,17,4,1,2.88,1.23
Brad Boxberger,ARI,44,0,0,0,40.2,29,15,56,21,8,1,4,26,5,0,3.32,1.23
Andrew Chafin,ARI,55,0,0,0,40.1,28,8,43,18,0,1,3,0,0,11,1.79,1.14
Seranthony Dominguez,PHI,36,0,0,0,40.1,22,11,52,13,3,1,3,12,3,10,2.45,0.87
Steven Wright,BOS,10,4,0,0,40,30,15,31,20,4,2,1,0,0,0,3.38,1.25
Fernando Salas,ARI,41,0,0,0,40,40,20,30,13,5,4,4,0,0,4,4.5,1.33
Yu Darvish,CHC,8,8,0,0,40,36,22,49,21,7,1,3,0,0,0,4.95,1.43
John Brebbia,STL,33,0,0,0,40,37,17,45,13,4,1,3,2,0,3,3.83,1.25
Luis Perdomo,SD,9,9,0,0,39.2,60,35,33,21,4,1,6,0,0,0,7.94,2.04
Chris Rusin,COL,35,0,0,0,39.2,42,30,34,20,7,0,2,0,1,6,6.81,1.56
Jake McGee,COL,46,0,0,0,39.2,46,28,38,11,8,2,4,1,2,13,6.35,1.44
Sam Freeman,ATL,49,0,0,0,39.2,33,24,43,27,3,2,5,0,3,7,5.45,1.51
Pierce Johnson,SF,31,0,0,0,39.1,31,25,27,19,4,3,2,0,0,1,5.72,1.27
Brad Brach,BAL,42,0,0,0,39,50,21,38,19,4,1,2,11,2,3,4.85,1.77
Jake Diekman,TEX,47,0,0,0,39,31,16,48,23,2,1,1,2,1,14,3.69,1.38
Joakim Soria,CWS,40,0,0,0,38.2,35,11,49,10,2,0,3,16,3,2,2.56,1.16
Chris Devenski,HOU,42,0,0,0,38.2,35,18,44,11,6,2,2,2,3,17,4.19,1.19
James Pazos,SEA,46,0,0,0,38.1,36,10,33,7,2,2,1,0,2,16,2.35,1.12
Chasen Shreve,NYY,40,0,0,0,38,39,18,46,18,8,2,2,1,0,3,4.26,1.5
Will Smith,SF,38,0,0,0,37.1,23,9,51,9,2,1,2,7,2,5,2.17,0.86
Zach Duke,MIN,45,0,0,0,37.1,44,15,39,15,0,3,4,0,3,12,3.62,1.58
Sean Doolittle,WAS,35,0,0,0,37.1,17,6,49,3,3,3,2,22,1,0,1.45,0.54
Heath Fillmyer,KC,9,5,0,0,37.1,31,13,21,17,3,1,1,0,0,0,3.13,1.29
Carl Edwards Jr.,CHC,38,0,0,0,37.1,26,11,54,16,2,3,2,0,0,16,2.65,1.13
Austin Brice,CIN,32,0,0,0,37,38,23,32,13,8,2,2,0,0,3,5.59,1.38
Pedro Baez,LAD,36,0,0,0,37,39,17,43,18,3,3,3,0,1,4,4.14,1.54
Drew VerHagen,DET,23,1,0,0,37,31,25,34,12,5,2,2,0,2,1,6.08,1.16
Keone Kela,TEX,38,0,0,0,36.2,28,14,44,14,3,3,3,24,1,0,3.44,1.15
Dylan Floro,CIN,25,0,0,0,36.1,39,11,27,12,2,3,2,0,0,1,2.72,1.4
Tanner Scott,BAL,35,0,0,0,36.1,40,24,54,18,5,2,2,0,3,2,5.94,1.6
Corey Knebel,MIL,37,0,0,0,35.2,28,19,50,18,7,2,3,14,3,1,4.79,1.29
Aaron Loup,TOR,50,0,0,0,35.2,44,18,42,13,4,0,0,0,0,9,4.54,1.6
Nick Vincent,SEA,40,0,0,0,35.2,34,18,33,10,5,3,2,0,1,11,4.54,1.23
Justin Miller,WAS,32,0,0,0,35.1,26,14,45,12,6,6,1,0,0,5,3.57,1.08
Jace Fry,CWS,41,0,0,0,35.1,23,18,48,14,2,1,2,1,1,11,4.58,1.05
Jorge De La Rosa,ARI,42,0,0,0,35,37,18,27,19,6,0,2,0,1,6,4.63,1.6
Yefry Ramirez,BAL,8,7,0,0,35,34,22,35,18,6,1,4,0,0,0,5.66,1.49
Chaz Roe,TB,41,0,0,0,35,24,14,38,13,4,1,2,1,0,20,3.6,1.06
Sammy Solis,WAS,49,0,0,0,34.1,32,18,37,15,4,1,2,0,3,13,4.72,1.37
Brian Duensing,CHC,43,0,0,0,34.1,37,28,22,26,5,3,0,1,2,2,7.34,1.83
Scott Oberg,COL,34,0,0,0,34.1,32,12,28,10,3,7,0,0,4,7,3.15,1.22
Kendall Graveman,OAK,7,7,0,0,34.1,44,29,27,13,9,1,5,0,0,0,7.6,1.66
Wade Miley,MIL,7,7,0,0,34.1,25,8,22,18,1,2,1,0,0,0,2.1,1.25
Josh Fields,LAD,37,0,0,0,34.1,23,9,28,9,4,2,2,2,1,8,2.36,0.93
Warwick Saupold,DET,31,0,0,0,34.1,41,17,16,13,6,4,1,1,2,1,4.46,1.57
Artie Lewicki,DET,12,2,0,0,34,42,18,27,11,4,0,2,0,0,1,4.76,1.56
Chris Hatcher,OAK,30,0,0,0,34,39,16,28,17,5,3,2,0,1,1,4.24,1.65
Luis Avilan,CWS,52,0,0,0,34,34,14,40,12,2,2,1,1,2,8,3.71,1.35
Wandy Peralta,CIN,43,0,0,0,33.1,35,21,25,27,1,2,2,0,0,6,5.67,1.86
Corey Oswalt,NYM,7,6,0,0,33.1,27,19,23,8,7,1,2,0,0,0,5.13,1.05
Caleb Ferguson,LAD,13,3,0,0,33.1,25,12,39,9,4,3,1,2,0,1,3.24,1.02
Edubray Ramos,PHI,39,0,0,0,33,27,7,33,13,2,3,1,1,1,9,1.91,1.21
Randy Rosario,CHC,28,0,0,0,33,31,11,21,19,5,4,0,0,1,7,3,1.52
Louis Coleman,DET,32,0,0,0,33,31,14,32,14,3,3,1,0,2,6,3.82,1.36
Richard Bleier,BAL,31,0,0,0,32.2,36,7,15,4,0,3,0,0,1,9,1.93,1.22
Arodys Vizcaino,ATL,33,0,0,0,32.2,25,6,34,12,2,2,2,15,2,0,1.65,1.13
Adam Morgan,PHI,48,0,0,0,32.2,35,17,35,14,5,0,2,1,3,13,4.68,1.5
Tim Hill,KC,49,0,0,0,32.2,35,19,33,12,4,1,3,1,2,9,5.23,1.44
Adam Conley,MIA,34,0,0,0,32.1,21,12,36,14,3,3,2,1,0,10,3.34,1.08
Shawn Kelley,WAS,35,0,0,0,32.1,26,12,32,5,7,1,0,0,1,1,3.34,0.96
Carson Fulmer,CWS,9,8,0,0,32.1,37,29,29,24,8,2,4,0,0,0,8.07,1.89
Chris Bassitt,OAK,6,6,0,0,32,30,12,25,12,2,2,3,0,0,0,3.38,1.31
Phil Maton,SD,31,0,0,0,32,32,11,33,15,1,0,2,0,0,2,3.09,1.47
Sam Tuivailala,STL,31,0,0,0,31.2,35,13,26,11,3,3,3,0,0,4,3.69,1.45
Hunter Strickland,SF,34,0,0,0,31.2,26,10,29,13,2,3,3,13,4,0,2.84,1.23
Luis Garcia,PHI,40,0,0,0,31.2,27,13,34,9,2,2,1,1,2,12,3.69,1.14
Harrison Musgrave,COL,23,0,0,0,31.2,23,16,22,16,4,1,3,0,0,4,4.55,1.23
Santiago Casilla,OAK,26,0,0,0,31.1,18,11,22,20,0,0,0,1,0,1,3.16,1.21
Luke Farrell,CHC,20,2,0,0,31.1,30,18,39,16,7,3,4,0,1,1,5.17,1.47
Joe Smith,HOU,38,0,0,0,31.1,22,13,35,8,4,4,1,0,1,6,3.73,0.96
Austin Gomber,STL,20,3,0,0,31.1,26,12,26,15,3,2,0,0,0,7,3.45,1.31
Danny Barnes,TOR,34,0,0,0,31.1,33,16,30,18,5,2,1,0,2,7,4.6,1.63
Ken Giles,HOU,34,0,0,0,30.2,36,17,31,3,2,0,2,12,0,1,4.99,1.27
Brandon Morrow,CHC,35,0,0,0,30.2,24,5,31,9,2,0,0,22,2,0,1.47,1.08
Matt Albers,MIL,29,0,0,0,30.1,36,21,28,9,9,3,3,1,1,7,6.23,1.48
Brandon Woodruff,MIL,12,4,0,0,30,26,16,31,11,4,2,0,0,0,0,4.8,1.23
Jason Adam,KC,29,0,0,0,30,26,17,35,13,7,0,3,0,1,2,5.1,1.3
Hector Neris,PHI,33,0,0,0,30,35,23,41,11,11,1,3,10,3,0,6.9,1.53
Cory Gearrin,SF,35,0,0,0,30,33,14,31,13,5,1,1,1,2,2,4.2,1.53
Diego Castillo,TB,26,0,0,0,30,21,14,34,13,3,2,2,0,2,10,4.2,1.13
Adam Warren,NYY,24,0,0,0,30,26,9,37,12,3,0,1,0,0,2,2.7,1.27
Jerry Blevins,NYM,46,1,0,0,29.2,24,13,27,16,4,1,1,1,0,5,3.94,1.35
Hyun-Jin Ryu,LAD,6,6,0,0,29.2,16,7,36,10,3,3,0,0,0,0,2.12,0.88
Bruce Rondon,CWS,35,0,0,0,29.2,37,28,40,27,1,2,3,1,1,5,8.49,2.16
Alex Colome,SEA,30,0,0,0,29.1,22,8,29,7,3,1,0,1,3,21,2.45,0.99
Tony Sipp,HOU,35,0,0,0,29,22,5,32,9,0,2,0,0,0,4,1.55,1.07
JT Chargois,LAD,33,0,0,0,28.2,24,10,36,13,3,2,3,0,3,6,3.14,1.29
A.J. Cole,NYY,17,0,0,0,28.2,23,7,38,10,2,2,0,0,0,0,2.2,1.15
Max Fried,ATL,10,5,0,0,28.2,22,10,36,17,3,1,4,0,0,0,3.14,1.36
Neil Ramirez,CLE,33,0,0,0,28.2,24,14,33,10,7,0,2,0,1,11,4.4,1.19
Peter Moylan,ATL,39,0,0,0,28.1,32,14,23,18,4,0,1,0,1,3,4.45,1.76
Pedro Araujo,BAL,20,0,0,0,28,29,24,29,18,9,1,3,0,0,0,7.71,1.68
Jackson Stephens,CIN,18,0,0,0,28,40,15,23,9,6,2,2,0,0,0,4.82,1.75
Erik Goeddel,LAD,25,0,0,0,28,22,11,34,15,4,1,0,0,2,5,3.54,1.32
Erick Fedde,WAS,6,6,0,0,28,37,18,19,9,5,1,3,0,0,0,5.79,1.64
Jake Petricka,TOR,23,0,0,0,27.2,33,15,22,10,5,1,1,0,0,0,4.88,1.55
Chris Martin,TEX,31,0,0,0,27.2,31,14,23,5,2,1,2,0,3,10,4.55,1.3
Dillon Peters,MIA,7,5,0,0,27.2,34,22,17,15,4,2,2,0,0,0,7.16,1.77
Paul Blackburn,OAK,6,6,0,0,27.2,33,22,19,6,2,2,3,0,0,0,7.16,1.41
Jordan Montgomery,NYY,6,6,0,0,27.1,25,11,23,12,3,2,0,0,0,0,3.62,1.35
Matt Harvey,NYM,8,4,0,0,27,33,21,20,9,6,0,2,0,0,0,7,1.56
Wilmer Font,TB,9,5,0,0,27,15,5,20,11,2,2,1,0,0,0,1.67,0.96
Chris Tillman,BAL,7,7,0,0,26.2,42,31,13,17,6,1,5,0,0,0,10.46,2.21
Kazuhisa Makita,SD,23,0,0,0,26.2,29,21,29,9,7,0,1,0,0,2,7.09,1.42
Matt Wisler,ATL,7,3,0,0,26.2,30,16,21,5,6,1,1,0,0,0,5.4,1.31
Yacksel Rios,PHI,26,0,0,0,26.2,27,14,24,9,4,3,1,0,0,2,4.73,1.35
Tony Barnette,TEX,22,0,0,0,26.1,19,7,26,5,2,2,0,0,0,1,2.39,0.91
Wander Suero,WAS,20,0,0,0,26.1,19,9,27,8,3,1,0,0,0,0,3.08,1.03
Kelvin Herrera,KC,27,0,0,0,25.2,19,3,22,2,2,1,1,14,2,0,1.05,0.82
Mike Soroka,ATL,5,5,0,0,25.2,30,10,21,7,1,2,1,0,0,0,3.51,1.44
Juan Minaya,CWS,31,0,0,0,25.1,20,10,33,21,1,1,2,0,1,5,3.55,1.62
Daniel Stumpf,DET,41,0,0,0,25.1,36,20,25,15,4,1,4,0,3,9,7.11,2.01
Ryan Buchter,OAK,32,0,0,0,25,25,10,27,11,4,2,0,0,0,10,3.6,1.44
Greg Holland,STL,32,0,0,0,25,34,22,22,22,1,0,2,0,3,2,7.92,2.24
Roenis Elias,SEA,13,1,0,0,25,23,8,18,8,0,2,0,0,0,0,2.88,1.24
Andrew Kittredge,TB,18,3,0,0,24.2,34,22,16,11,4,1,2,0,0,0,8.03,1.82
Jefry Rodriguez,WAS,6,4,0,0,24.2,24,16,20,13,4,1,1,0,0,0,5.84,1.5
Nate Jones,CWS,27,0,0,0,24.2,20,7,27,14,3,2,2,4,3,6,2.55,1.38
Daniel Gossett,OAK,5,5,0,0,24.1,25,14,12,8,5,0,3,0,0,0,5.18,1.36
Hunter Wood,TB,14,6,0,0,24.1,26,11,30,12,3,0,0,0,0,1,4.07,1.56
Vidal Nuno,TB,9,0,0,0,24,14,4,17,9,3,3,0,0,1,0,1.5,0.96
Luis Cessa,NYY,8,3,0,0,24,22,12,17,9,3,1,2,0,0,0,4.5,1.29
Brandon Workman,BOS,25,0,0,0,24,20,7,24,5,4,2,0,0,0,4,2.63,1.04
Chris Beck,CWS,14,0,0,0,23.2,24,11,16,11,5,0,0,1,0,0,4.18,1.48
Daniel Coulombe,OAK,26,0,0,0,23.2,23,12,26,11,5,1,1,0,0,0,4.56,1.44
Ben Lively,PHI,5,5,0,0,23.2,34,18,22,10,4,0,2,0,0,0,6.85,1.86
Brett Cecil,STL,27,0,0,0,23.2,29,15,14,18,2,0,1,0,0,0,5.7,1.99
Luke Jackson,ATL,19,0,0,0,23.1,17,10,33,12,2,1,0,1,0,1,3.86,1.24
Matt Bowman,STL,22,0,0,0,23,29,16,26,11,4,0,2,0,2,5,6.26,1.74
Matt Bush,TEX,21,0,0,0,23,23,12,19,14,3,0,0,0,0,3,4.7,1.61
Austin Davis,PHI,19,0,0,0,22.2,20,9,27,6,1,1,2,0,0,2,3.57,1.15
Adalberto Mejia,MIN,5,4,0,0,22.1,17,5,13,9,1,2,0,0,0,0,2.01,1.16
Nick Wittgren,MIA,22,0,0,0,22.1,23,9,20,13,0,2,1,0,0,3,3.63,1.61
Tony Cingrani,LAD,28,0,0,0,22.1,17,12,36,6,2,1,2,0,2,11,4.84,1.03
Mark Melancon,SF,24,0,0,0,22.1,27,8,15,7,1,0,1,1,4,5,3.22,1.52
Alex Colome,TB,23,0,0,0,21.2,24,10,23,8,1,2,5,11,2,0,4.15,1.48
Drew Hutchison,PHI,11,0,0,0,21.1,21,11,19,13,4,1,1,0,0,0,4.64,1.59
Anthony Swarzak,NYM,22,0,0,0,21,24,14,24,10,5,0,2,3,1,2,6,1.62
Tim Peterson,NYM,18,0,0,0,20.2,23,15,20,4,7,2,2,0,0,3,6.53,1.31
Ervin Santana,MIN,4,4,0,0,20.2,23,15,14,6,6,0,1,0,0,0,6.53,1.4
Blaine Boyer,KC,20,0,0,0,20.2,31,27,9,12,6,2,0,1,0,2,11.76,2.08
Brandon Finnegan,CIN,5,5,0,0,20.2,27,17,14,15,5,0,3,0,0,0,7.4,2.03
Ariel Jurado,TEX,4,4,0,0,20.2,21,13,8,8,5,2,2,0,0,0,5.66,1.4
Dan Altavilla,SEA,22,0,0,0,20.2,11,6,23,15,2,3,2,0,1,5,2.61,1.26
Phil Hughes,SD,16,0,0,0,20.2,30,14,24,5,7,0,0,0,0,0,6.1,1.69
Hansel Robles,LAA,21,0,0,0,20.1,15,7,19,11,2,0,1,0,1,4,3.1,1.28
Odrisamer Despaigne,MIA,11,1,0,0,20.1,22,12,18,8,1,2,0,0,1,0,5.31,1.48
Jacob Rhame,NYM,19,0,0,0,20,26,17,15,5,7,0,1,1,1,2,7.65,1.55
Junichi Tazawa,MIA,22,0,0,0,20,28,20,24,13,6,1,1,0,0,2,9,2.05
Darren O'Day,BAL,20,0,0,0,20,18,8,27,4,3,0,2,2,2,4,3.6,1.1
Hansel Robles,NYM,16,0,0,0,19.2,21,11,23,10,7,2,2,0,0,2,5.03,1.58
Luiz Gohara,ATL,9,1,0,0,19.2,16,13,18,8,3,0,1,1,0,0,5.95,1.22
AJ Ramos,NYM,28,0,0,0,19.2,17,14,22,15,3,2,2,0,0,7,6.41,1.63
George Kontos,PIT,21,0,0,0,19.2,23,11,9,5,4,2,3,1,1,5,5.03,1.42
Matt Belisle,MIN,19,0,0,0,19.2,34,20,19,8,5,1,1,0,0,1,9.15,2.14
Jorge Lopez,MIL,10,0,0,0,19.2,16,6,15,13,1,0,1,0,0,0,2.75,1.47
Aaron Bummer,CWS,26,0,0,0,19.1,27,7,21,6,0,0,1,0,1,1,3.26,1.71
Jose Castillo,SD,19,0,0,0,19.1,12,6,24,6,1,1,2,0,0,4,2.79,0.93
Yimi Garcia,LAD,20,0,0,0,19,25,11,16,3,6,1,2,0,1,2,5.21,1.47
Xavier Cedeno,CWS,25,0,0,0,18.2,15,7,22,12,1,2,0,0,1,5,3.38,1.45
Oliver Perez,CLE,30,0,0,0,18.2,9,3,22,2,1,0,1,0,0,8,1.45,0.59
Andrew Miller,CLE,21,0,0,0,18.1,14,7,26,12,1,2,3,1,3,6,3.44,1.42
Ryan Dull,OAK,21,0,0,0,18.1,21,12,17,5,3,0,0,0,0,4,5.89,1.42
Jonathan Loaisiga,NYY,4,4,0,0,18,15,6,21,8,1,2,0,0,0,0,3,1.28
Drew Rucinski,MIA,14,0,0,0,18,13,6,15,3,1,4,1,0,0,0,3,0.89
Brandon Maurer,KC,22,0,0,0,18,29,20,14,16,4,0,4,1,4,0,10,2.5
Tyler Olson,CLE,30,0,0,0,18,21,15,24,8,4,1,1,0,0,4,7.5,1.61
Adam Wainwright,STL,4,4,0,0,18,19,8,15,14,2,1,3,0,0,0,4,1.83
Tommy Milone,WAS,3,3,0,0,18,21,11,19,0,4,1,1,0,0,0,5.5,1.17
Eddie Butler,CHC,8,0,0,0,17.2,16,8,11,7,1,1,1,0,0,0,4.08,1.3
Jaime Schultz,TB,11,0,0,0,17.2,8,9,22,11,2,1,0,0,0,2,4.58,1.08
Silvino Bracho,ARI,18,0,0,0,17.2,9,4,23,5,0,2,0,0,2,2,2.04,0.79
Nathan Eovaldi,BOS,3,3,0,0,17.2,17,4,9,3,1,2,0,0,0,0,2.04,1.13
Paul Fry,BAL,17,0,0,0,17.2,14,6,18,5,1,0,1,0,1,3,3.06,1.08
Keynan Middleton,LAA,16,0,0,0,17.2,14,4,16,9,1,0,0,6,1,2,2.04,1.3
Brock Stewart,LAD,9,2,0,0,17.2,23,12,14,9,4,0,1,0,1,0,6.11,1.81
Tyler Cloyd,MIA,7,0,0,0,17.2,25,17,13,10,3,0,0,0,0,0,8.66,1.98
Merandy Gonzalez,MIA,7,0,0,0,17.1,23,11,16,8,3,2,0,0,0,0,5.71,1.79
Tim Mayza,TOR,16,0,0,0,17.1,21,9,18,7,3,1,0,0,0,0,4.67,1.62
Kelvin Herrera,WAS,19,0,0,0,17,23,9,15,8,4,1,2,3,0,2,4.76,1.82
Luis Santos,TOR,12,1,0,0,17,21,12,19,9,2,1,1,0,0,0,6.35,1.76
Deck McGuire,LAA,8,4,0,0,17,19,14,15,11,7,0,2,0,0,0,7.41,1.76
Taylor Cole,LAA,8,0,0,0,17,8,3,19,5,1,0,2,0,0,0,1.59,0.76
Mike Dunn,COL,25,0,0,0,17,22,17,12,18,1,0,0,0,0,5,9,2.35
Kevin Jepsen,TEX,21,0,0,0,16.2,15,11,8,11,4,0,3,0,0,3,5.94,1.56
Wily Peralta,KC,18,0,0,0,16.2,10,5,15,11,0,0,0,6,0,1,2.7,1.26
Tyler Lyons,STL,27,0,0,0,16.2,24,16,19,8,3,1,0,0,2,9,8.64,1.92
Trevor Gott,WAS,18,0,0,0,16.1,14,9,12,8,2,0,2,0,0,2,4.96,1.35
Gabriel Moya,MIN,14,0,0,0,16.1,14,9,16,5,3,2,0,0,0,1,4.96,1.16
Dovydas Neverauskas,PIT,15,0,0,0,16.1,21,19,17,9,5,0,0,0,1,2,10.47,1.84
Jake Thompson,PHI,9,0,0,0,16.1,14,9,14,11,1,1,0,2,0,0,4.96,1.53
Eduardo Paredes,LAA,13,0,0,0,16.1,25,14,13,6,5,0,0,0,0,0,7.71,1.9
Glenn Sparkman,KC,8,0,0,0,16,19,9,14,7,2,0,1,0,0,0,5.06,1.63
Javy Guerra,MIA,14,0,0,0,15.2,20,11,17,7,1,0,0,1,0,1,6.32,1.72
Mark Leiter,PHI,11,0,0,0,15.2,18,10,13,5,4,0,1,0,0,0,5.74,1.47
Zach Britton,BAL,16,0,0,0,15.2,11,6,13,10,1,1,0,4,1,1,3.45,1.34
Ben Meyer,MIA,9,0,0,0,15.1,19,14,8,8,0,0,0,0,0,0,8.22,1.76
Roberto Osuna,TOR,15,0,0,0,15.1,16,5,13,1,0,0,0,9,1,0,2.93,1.11
Daniel Norris,DET,5,2,0,0,15.1,16,10,18,9,3,0,2,0,0,0,5.87,1.63
Brooks Pounders,COL,14,0,0,0,15.1,25,13,17,2,3,0,1,0,1,0,7.63,1.76
Anthony Bass,CHC,16,0,0,0,15.1,18,5,14,3,1,0,0,0,0,3,2.93,1.37
Shelby Miller,ARI,4,4,0,0,15,24,19,19,7,5,0,4,0,0,0,11.4,2.07
Scott Barlow,KC,6,0,0,0,15,16,6,15,3,2,1,1,0,0,0,3.6,1.27
Clay Holmes,PIT,5,3,0,0,15,19,12,11,12,1,1,2,0,0,0,7.2,2.07
Tyler Bashlor,NYM,9,0,0,0,14.2,15,8,7,9,2,0,1,0,0,0,4.91,1.64
Marcus Walden,BOS,8,0,0,0,14.2,14,6,14,3,0,0,0,1,0,1,3.68,1.16
Ryan Brasier,BOS,13,0,0,0,14.2,8,2,13,5,0,0,0,0,0,2,1.23,0.89
Daniel Poncedeleon,STL,4,1,0,0,14.2,4,2,8,9,1,0,0,1,0,0,1.23,0.89
Anthony Banda,TB,3,1,0,0,14.2,12,6,10,3,1,1,0,0,0,0,3.68,1.02
Robert Stock,SD,11,0,0,0,14.2,19,6,17,2,1,0,0,0,0,0,3.68,1.43
Casey Lawrence,SEA,7,0,0,0,14.1,18,13,10,5,1,0,0,0,0,0,8.16,1.6
Cory Gearrin,TEX,14,0,0,0,14.1,10,5,9,4,2,0,0,0,0,4,3.14,0.98
Carson Smith,BOS,18,0,0,0,14.1,14,6,18,6,2,1,1,0,1,5,3.77,1.4
Josh Lucas,OAK,8,1,0,0,14.1,16,10,14,9,1,0,0,0,0,0,6.28,1.74
Dylan Floro,LAD,13,0,0,0,14,4,3,16,2,1,1,0,0,0,5,1.93,0.43
Donnie Hart,BAL,15,0,0,0,14,24,9,10,8,2,0,0,0,0,1,5.79,2.29
Akeel Morris,LAA,9,0,0,0,14,18,9,7,8,3,0,0,0,0,0,5.79,1.86
Jonny Venters,TB,22,1,0,0,14,11,6,11,6,1,1,1,1,0,5,3.86,1.21
Trevor Oaks,KC,4,2,0,0,13.2,21,11,10,6,1,0,2,0,0,0,7.24,1.98
Adrian Houser,MIL,7,0,0,0,13.2,13,5,8,7,0,0,0,0,0,0,3.29,1.46
Brett Graves,MIA,8,0,0,0,13.1,19,12,7,7,0,1,1,0,0,0,8.1,1.95
Jalen Beeks,TB,3,0,0,0,13.1,14,11,8,6,1,1,0,0,0,0,7.43,1.5
Adam Kolarek,TB,9,0,0,0,13,18,9,6,2,0,1,0,0,1,3,6.23,1.54
Dominic Leone,STL,15,0,0,0,13,15,6,15,3,3,1,2,0,2,4,4.15,1.38
Tim Collins,WAS,17,0,0,0,13,14,4,8,6,2,0,0,0,0,2,2.77,1.54
Adam Liberatore,LAD,17,0,0,0,13,10,4,12,8,1,2,1,0,1,1,2.77,1.38
Alan Busenitz,MIN,11,0,0,0,13,19,9,15,7,3,3,0,0,0,0,6.23,2
Kevin Gausman,ATL,2,2,0,0,13,12,4,10,2,0,1,1,0,0,0,2.77,1.08
Taijuan Walker,ARI,3,3,0,0,13,15,5,9,5,1,0,0,0,0,0,3.46,1.54
Jesse Chavez,CHC,9,0,0,0,12.2,9,2,14,1,1,0,1,0,1,1,1.42,0.79
Ryan Carpenter,DET,4,3,0,0,12.2,17,9,7,3,4,0,1,0,0,0,6.39,1.58
Aaron Slegers,MIN,3,2,0,0,12.2,16,8,5,2,3,1,1,0,0,0,5.68,1.42
Oliver Drake,MIL,11,0,0,0,12.2,14,9,15,8,0,1,0,0,1,0,6.39,1.74
Victor Alcantara,DET,10,0,0,0,12.2,10,1,5,1,1,0,0,0,0,0,0.71,0.87
Luke Gregerson,STL,17,0,0,0,12.2,14,10,12,6,2,0,0,0,0,2,7.11,1.58
Justin Grimm,KC,16,0,0,0,12.2,17,19,8,14,2,1,3,0,2,3,13.5,2.45
Pat Neshek,PHI,14,0,0,0,12.1,10,1,9,1,0,1,0,2,0,3,0.73,0.89
Miguel Gonzalez,CWS,3,3,0,0,12.1,24,17,5,6,4,0,3,0,0,0,12.41,2.43
Justin Hancock,CHC,10,0,0,0,12.1,5,2,11,9,1,0,0,0,0,0,1.46,1.14
Enyel De Los Santos,PHI,3,2,0,0,12,15,8,9,5,2,1,0,0,0,0,6,1.67
J.A. Happ,NYY,2,2,0,0,12,7,4,11,2,2,2,0,0,0,0,3,0.75
Corbin Burnes,MIL,10,0,0,0,12,10,4,14,4,0,2,0,1,0,0,3,1.17
Josh Osich,SF,12,0,0,0,12,20,11,10,7,2,0,0,0,1,2,8.25,2.25
Phil Hughes,MIN,7,2,0,0,12,14,9,8,5,4,0,0,0,0,0,6.75,1.58
Ray Black,SF,12,0,0,0,11.2,4,5,15,5,2,1,1,0,1,1,3.86,0.77
Luke Bard,LAA,8,0,0,0,11.2,10,7,13,5,4,0,0,0,0,0,5.4,1.29
Lance Lynn,NYY,2,1,0,0,11.2,7,0,14,1,0,1,0,0,0,0,0,0.69
Nick Goody,CLE,12,0,0,0,11.2,15,9,12,5,4,0,2,0,1,2,6.94,1.71
Tyler Thornburg,BOS,13,0,0,0,11.2,13,7,12,3,2,1,0,0,0,2,5.4,1.37
Blake Wood,LAA,13,0,0,0,11.2,8,3,10,7,1,1,0,0,0,4,2.31,1.29
Jimmy Yacabonis,BAL,4,2,0,0,11.1,15,9,11,7,2,0,0,0,0,0,7.15,1.94
Tyler Duffey,MIN,7,0,0,0,11.1,14,8,8,1,4,1,1,0,0,0,6.35,1.32
Derek Law,SF,6,0,0,0,11.1,16,11,11,6,2,0,0,0,0,0,8.74,1.94
Christian Bergman,SEA,2,2,0,0,11.1,8,5,5,2,2,0,1,0,0,0,3.97,0.88
Liam Hendriks,OAK,13,0,0,0,11,17,9,12,7,3,0,0,0,0,0,7.36,2.18
Cole Hamels,CHC,2,2,0,0,11,10,1,11,3,0,2,0,0,0,0,0.82,1.18
Bobby Poyner,BOS,10,0,0,0,10.2,12,2,10,1,1,1,0,0,0,2,1.69,1.22
Boone Logan,MIL,16,0,0,0,10.2,15,7,14,10,3,1,0,0,0,0,5.91,2.34
David Hale,NYY,3,0,0,0,10.2,12,3,6,1,2,0,0,0,0,0,2.53,1.22
Matt Belisle,CLE,8,0,0,0,10.2,9,6,4,1,1,0,0,0,1,0,5.06,0.94
Walker Lockett,SD,3,2,0,0,10.2,17,11,10,8,2,0,2,0,0,0,9.28,2.34
Nick Rumbelow,SEA,8,0,0,0,10.1,15,9,8,2,5,0,0,0,0,0,7.84,1.65
Wilmer Font,LAD,6,0,0,0,10.1,18,13,7,1,5,0,2,0,1,0,11.32,1.84
A.J. Cole,WAS,4,2,0,0,10.1,16,15,10,6,6,1,1,0,0,0,13.06,2.13
Chris Beck,NYM,6,0,0,0,10.1,10,6,5,9,3,0,0,0,0,0,5.23,1.84
Lucas Sims,ATL,6,0,0,0,10.1,12,9,10,8,2,0,0,0,1,0,7.84,1.94
Brad Hand,CLE,9,0,0,0,10,7,2,12,1,1,0,0,3,0,3,1.8,0.8
John Lamb,LAA,3,3,0,0,10,15,8,11,4,4,0,1,0,0,0,7.2,1.9
Tommy Kahnle,NYY,9,0,0,0,10,6,7,11,10,1,1,0,0,1,2,6.3,1.6
Jeurys Familia,OAK,8,0,0,0,10,5,0,12,2,0,3,0,0,0,1,0,0.7
Giovanny Gallegos,NYY,4,0,0,0,10,10,5,10,3,2,0,0,1,0,0,4.5,1.3
Chih-Wei Hu,TB,3,0,0,0,10,7,6,9,1,2,0,0,0,0,0,5.4,0.8
Erasmo Ramirez,SEA,2,2,0,0,9.2,14,11,6,1,7,0,2,0,0,0,10.24,1.55
Carlos Torres,WAS,10,0,0,0,9.2,9,7,9,3,3,0,0,0,0,0,6.52,1.24
Zac Curtis,PHI,7,0,0,0,9.2,6,2,10,10,0,0,0,0,0,0,1.86,1.66
Eddie Butler,TEX,6,0,0,0,9.1,10,6,3,3,3,1,1,1,0,0,5.79,1.39
Ryan Cook,SEA,11,0,0,0,9.1,9,7,14,6,3,1,1,0,0,5,6.75,1.61
Chris Archer,PIT,2,2,0,0,9.1,12,5,9,6,2,1,0,0,0,0,4.82,1.93
Roberto Gomez,SF,5,0,0,0,9.1,20,8,8,1,0,1,0,0,0,0,7.71,2.25
Kyle Crockett,CIN,15,0,0,0,9.1,16,6,11,2,1,1,0,0,0,1,5.79,1.93
Kevin Quackenbush,CIN,10,0,0,0,9,13,11,7,6,3,0,1,0,0,0,11,2.11
Yency Almonte,COL,7,0,0,0,9,8,1,7,2,0,0,0,0,0,1,1,1.11
Gregory Infante,CWS,10,0,0,0,9,12,8,6,8,0,1,1,0,0,0,8,2.22
Aaron Wilkerson,MIL,3,1,0,0,9,12,10,10,3,4,0,1,0,0,0,10,1.67
Oliver Drake,LAA,8,0,0,0,8.2,15,5,8,1,2,0,1,0,0,0,5.19,1.85
Cory Mazzoni,CHC,8,0,0,0,8.2,5,1,7,5,0,1,0,0,0,1,1.04,1.15
Jeff Hoffman,COL,6,1,0,0,8.2,15,9,5,7,0,0,0,0,0,1,9.35,2.54
Dakota Hudson,STL,6,0,0,0,8.2,2,0,4,1,0,2,0,0,0,3,0,0.35
Mike Hauschild,TOR,2,1,0,0,8.1,7,4,5,4,0,1,1,0,0,0,4.32,1.32
Deck McGuire,TOR,4,0,0,0,8.1,9,6,7,5,2,0,0,0,0,0,6.48,1.68
Kevin Shackelford,CIN,5,0,0,0,8,13,7,7,4,0,0,1,0,1,0,7.88,2.13
Jhan Marinez,BAL,8,0,0,0,8,9,5,3,9,1,0,0,0,0,0,5.63,2.25
Matt Andriese,ARI,6,0,0,0,8,11,4,8,1,3,0,1,0,0,0,4.5,1.5
Danny Farquhar,CWS,8,0,0,0,8,6,5,9,0,3,1,1,0,1,2,5.63,0.75
Drew Smith,NYM,7,0,0,0,8,8,2,4,3,0,0,0,0,0,0,2.25,1.38
Preston Guilmet,TOR,6,0,0,0,8,11,8,5,4,4,0,0,0,0,0,9,1.88
Tyler Beede,SF,2,2,0,0,7.2,9,7,9,8,0,0,1,0,0,0,8.22,2.22
Marc Rzepczynski,SEA,18,0,0,0,7.2,13,8,10,9,2,0,1,0,1,3,9.39,2.87
P.J. Conlon,NYM,3,2,0,0,7.2,15,7,5,2,2,0,0,0,0,0,8.22,2.22
Edward Paredes,LAD,15,0,0,0,7.2,7,5,8,2,2,2,0,0,0,3,5.87,1.17
Justin Haley,BOS,4,0,0,0,7.2,10,4,0,3,2,0,0,0,0,0,4.7,1.7
Seung Hwan Oh,COL,8,0,0,0,7.2,6,2,5,3,1,0,0,1,1,4,2.35,1.17
Keury Mella,CIN,3,0,0,0,7.1,8,5,5,7,1,0,0,0,0,0,6.14,2.05
Chad Bell,DET,3,0,0,0,7.1,14,7,7,2,1,0,1,0,0,0,8.59,2.18
Erik Goeddel,SEA,5,0,0,0,7.1,4,1,9,5,0,2,0,0,0,0,1.23,1.23
Brandon Mann,TEX,6,0,0,0,7.1,7,5,2,4,1,0,0,0,0,0,6.14,1.5
Tyler Glasnow,TB,2,2,0,0,7,4,2,14,1,2,0,0,0,0,0,2.57,0.71
Zac Reininger,DET,7,0,0,0,7,10,8,4,5,2,0,0,0,0,0,10.29,2.14
Chris O'Grady,MIA,8,0,0,0,7,7,5,8,4,2,0,1,0,1,0,6.43,1.57
Kolby Allard,ATL,2,1,0,0,7,15,8,2,3,3,1,1,0,0,0,10.29,2.57
Randall Delgado,ARI,6,0,0,0,7,7,4,2,3,2,2,0,0,1,0,5.14,1.43
Tanner Rainey,CIN,8,0,0,0,7,13,19,7,12,4,0,0,0,0,0,24.43,3.57
Evan Marshall,CLE,10,0,0,0,7,12,6,9,4,0,0,0,0,1,3,7.71,2.29
Johnny Barbato,DET,7,0,0,0,6.2,11,9,2,5,3,0,0,0,0,2,12.15,2.4
JC Ramirez,LAA,2,2,0,0,6.2,7,7,4,7,3,0,2,0,0,0,9.45,2.1
Wilmer Font,OAK,4,0,0,0,6.2,13,11,9,4,5,0,0,0,0,0,14.85,2.55
Ricardo Rodriguez,TEX,4,0,0,0,6.2,11,3,3,1,0,0,0,0,0,1,4.05,1.8
Jalen Beeks,BOS,2,1,0,0,6.1,11,9,5,4,1,0,1,0,0,0,12.79,2.37
Alex McRae,PIT,2,0,0,0,6.1,8,4,5,5,0,0,1,0,0,0,5.68,2.05
Jose Ramirez,ATL,7,0,0,0,6.1,9,12,7,8,0,0,2,0,0,0,17.05,2.68
Evan Phillips,ATL,4,0,0,0,6.1,6,6,3,4,3,0,0,0,0,0,8.53,1.58
Jeanmar Gomez,CWS,10,0,0,0,6.1,7,3,2,3,1,0,0,0,1,4,4.26,1.58
Chris Flexen,NYM,4,1,0,0,6.1,14,9,3,6,2,0,2,0,0,0,12.79,3.16
Carlos Ramirez,OAK,3,0,0,0,6,2,2,2,4,0,0,0,0,0,0,3,1
Drew Anderson,PHI,2,1,0,0,6,8,4,4,1,0,0,1,0,0,0,6,1.5
Cionel Perez,HOU,5,0,0,0,6,4,3,6,4,1,0,0,0,0,0,4.5,1.33
Ben Taylor,CLE,6,0,0,0,6,6,4,8,1,2,0,0,0,0,0,6,1.17
Ryan Meisinger,BAL,4,0,0,0,6,4,2,5,1,2,0,0,0,0,0,3,0.83
Randy Messenger,BAL,4,0,0,0,6,4,2,5,1,2,0,0,0,0,0,3,0.83
Jacob Nix,SD,1,1,0,0,6,4,0,4,2,0,1,0,0,0,0,0,1
Tyler Webb,STL,4,0,0,0,6,5,0,3,0,0,0,0,0,0,0,0,0.83
Jeffrey Springs,TEX,3,0,0,0,6,3,1,5,3,0,0,0,0,0,0,1.5,1
Ryan Sherriff,STL,5,0,0,0,5.2,8,4,3,2,1,0,0,0,0,1,6.35,1.76
Matt Shoemaker,LAA,1,1,0,0,5.2,4,3,4,4,0,1,0,0,0,0,4.76,1.41
Jacob Turner,MIA,4,0,0,0,5.2,13,10,2,5,1,0,0,0,0,0,15.88,3.18
Josh Smoker,PIT,7,0,0,0,5.2,11,7,2,5,2,0,0,0,1,0,11.12,2.82
Rob Zastryzny,CHC,6,0,0,0,5.2,6,3,3,4,0,1,0,0,0,0,4.76,1.76
Joakim Soria,MIL,7,0,0,0,5.2,4,1,6,3,1,0,0,0,1,3,1.59,1.24
J.B. Wendelken,OAK,5,0,0,0,5.2,4,1,7,4,1,0,0,0,0,0,1.59,1.41
Zach Britton,NYY,6,0,0,0,5.2,4,3,6,4,1,0,0,0,1,1,4.76,1.41
George Kontos,CLE,6,0,0,0,5.1,3,2,4,2,1,0,0,0,0,0,3.38,0.94
Mike Fiers,OAK,1,1,0,0,5.1,4,1,8,0,1,0,0,0,0,0,1.69,0.75
Ryan Pressly,HOU,5,0,0,0,5.1,3,2,6,0,1,0,0,0,0,1,3.38,0.56
Tyler Danish,CWS,6,0,0,0,5.1,5,3,4,3,2,1,0,0,0,0,5.06,1.5
Jake Barrett,ARI,5,0,0,0,5.1,7,3,5,1,1,0,0,0,0,0,5.06,1.5
Ryan Weber,TB,2,0,0,0,5.1,5,3,1,2,0,0,1,0,0,0,5.06,1.31
Sam Tuivailala,SEA,5,0,0,0,5.1,6,1,4,1,0,1,0,0,0,0,1.69,1.31
Jose Valdez,SF,4,0,0,0,5,8,7,4,1,3,0,0,0,0,0,12.6,1.8
Tyler Webb,SD,4,0,0,0,5,6,7,4,3,2,0,1,0,0,0,12.6,1.8
Nick Gardewine,TEX,3,0,0,0,5,7,2,4,0,0,0,0,0,0,0,3.6,1.4
Braden Shipley,ARI,3,0,0,0,5,4,4,3,2,0,0,0,0,0,0,7.2,1.2
Wes Parsons,ATL,1,0,0,0,5,6,4,3,3,1,0,1,0,0,0,7.2,1.8
Ariel Miranda,SEA,1,1,0,0,5,6,1,5,4,0,0,0,0,0,0,1.8,2
Miguel Socolovich,ATL,4,0,0,0,5,8,6,4,2,0,0,1,0,0,0,10.8,2
Cody Reed,CIN,4,1,0,0,5,5,3,7,1,2,0,0,0,0,0,5.4,1.2
Sandy Alcantara,MIA,1,1,0,0,5,3,1,2,5,0,1,0,0,0,0,1.8,1.6
Ranger Suarez,PHI,1,1,0,0,5,6,4,3,1,2,1,0,0,0,0,7.2,1.4
Chance Adams,NYY,1,1,0,0,5,3,3,2,1,2,0,1,0,0,0,5.4,0.8
Nestor Cortes,BAL,4,0,0,0,4.2,10,4,3,4,2,0,0,0,0,0,7.71,3
Drew Gagnon,NYM,1,1,0,0,4.2,7,6,3,1,2,0,1,0,0,0,11.57,1.71
James Norwood,CHC,4,0,0,0,4.2,5,2,3,2,0,0,1,0,0,2,3.86,1.5
Jeff Beliveau,CLE,9,0,0,0,4.2,7,6,2,5,2,0,0,1,0,0,11.57,2.57
Hoby Milner,PHI,10,0,0,0,4.2,6,4,4,3,1,0,0,0,0,0,7.71,1.93
Austin Voth,WAS,1,1,0,0,4.1,9,7,3,3,1,0,1,0,0,0,14.54,2.77
D.J. Snelten,SF,4,0,0,0,4.1,9,5,4,3,2,0,0,0,0,0,10.38,2.77
Thyago Vieira,CWS,4,0,0,0,4.1,4,5,4,2,2,0,0,1,0,0,10.38,1.38
Adam Cimber,CLE,7,0,0,0,4.1,6,3,0,3,0,0,0,0,0,3,6.23,2.08
Gerson Bautista,NYM,5,0,0,0,4.1,8,6,3,5,2,0,1,0,0,0,12.46,3
Casey Sadler,PIT,2,0,0,0,4.1,9,4,3,3,0,0,0,0,0,0,8.31,2.77
Oliver Drake,CLE,4,0,0,0,4.1,7,6,4,1,0,0,0,0,0,0,12.46,1.85
Sandy Baez,DET,1,0,0,0,4.1,0,0,4,3,0,0,0,0,0,0,0,0.69
Pat Venditte,LAD,5,0,0,0,4.1,8,4,4,1,1,0,0,0,0,0,8.31,2.08
Daniel Corcino,LAD,2,0,0,0,4,2,1,1,3,0,0,0,1,0,0,2.25,1.25
Robert Stephenson,CIN,1,1,0,0,4,3,3,4,5,0,0,1,0,0,0,6.75,2
Duane Underwood,CHC,1,1,0,0,4,2,1,3,3,1,0,1,0,0,0,2.25,1.25
Jimmie Sherfy,ARI,4,0,0,0,4,2,1,3,4,1,0,0,0,0,1,2.25,1.5
Enny Romero,KC,4,0,0,0,4,11,9,3,2,3,0,0,0,0,0,20.25,3.25
Enny Romero,PIT,2,0,0,0,4,7,2,5,3,0,0,0,0,0,0,4.5,2.5
Kris Medlen,ARI,1,1,0,0,4,9,7,4,4,0,0,1,0,0,0,15.75,3.25
Brad Brach,ATL,4,0,0,0,4,4,0,5,1,0,0,0,0,0,2,0,1.25
Jonny Venters,ATL,5,0,0,0,4,2,0,4,1,0,0,0,0,0,0,0,0.75
Alex Reyes,STL,1,1,0,0,4,3,0,2,2,0,0,0,0,0,0,0,1.25
Rob Whalen,SEA,1,0,0,0,4,1,0,0,1,0,0,0,0,0,0,0,0.5
Michael Morin,SEA,3,0,0,0,4,6,3,6,1,0,0,0,0,1,0,6.75,1.75
Kyle McGrath,SD,4,0,0,0,4,3,2,4,3,2,0,0,0,0,0,4.5,1.5
Brett Kennedy,SD,1,1,0,0,4,11,6,3,0,3,0,1,0,0,0,13.5,2.75
Chasen Shreve,STL,5,0,0,0,3.2,3,1,5,1,1,1,0,0,0,2,2.45,1.09
Yohander Mendez,TEX,2,1,0,0,3.2,8,6,1,2,1,0,1,0,0,0,14.73,2.73
Ken Giles,TOR,4,0,0,0,3.2,8,7,6,1,3,0,1,0,0,0,17.18,2.45
Troy Scribner,ARI,1,1,0,0,3.2,4,2,4,6,0,0,1,0,0,0,4.91,2.73
Brandon Kintzler,CHC,5,0,0,0,3.2,2,0,1,3,0,0,0,0,0,3,0,1.36
Dennis Santana,LAD,1,0,0,0,3.2,6,5,4,1,0,1,0,0,0,0,12.27,1.91
Trevor May,MIN,4,0,0,0,3.2,5,1,7,0,0,0,0,0,0,2,2.45,1.36
Zac Rosscup,LAD,6,0,0,0,3.2,6,5,5,1,3,0,1,0,1,1,12.27,1.91
Tyler Kinley,MIN,4,0,0,0,3.1,9,9,4,4,2,0,0,0,0,0,24.3,3.9
Zack Littell,MIN,2,1,0,0,3.1,7,7,1,6,1,0,2,0,0,0,18.9,3.9
Dillon Maples,CHC,3,0,0,0,3.1,4,5,6,3,1,0,0,0,0,0,13.5,2.1
Evan Phillips,BAL,3,0,0,0,3.1,2,4,3,4,0,0,0,0,0,0,10.8,1.8
Rhiner Cruz,TOR,2,0,0,0,3.1,3,1,4,2,0,0,0,0,0,0,2.7,1.5
Drew Hutchison,TEX,1,1,0,0,3,6,6,0,3,2,0,1,0,0,0,18,3
Colten Brewer,SD,4,0,0,0,3,5,0,3,2,0,0,0,0,0,0,0,2.33
Tanner Anderson,PIT,2,0,0,0,3,9,6,1,4,0,1,0,0,0,0,18,4.33
Adam Warren,SEA,4,0,0,0,3,4,2,3,4,0,1,0,0,0,0,6,2.67
Joey Krehbiel,ARI,2,0,0,0,3,1,0,0,2,0,0,0,0,0,0,0,1
Brad Ziegler,ARI,4,0,0,0,3,6,4,1,1,0,0,0,0,0,0,12,2.33
Jake Diekman,ARI,5,0,0,0,3,3,2,4,4,0,0,0,0,0,0,6,2.33
David Hale,MIN,1,0,0,0,3,4,4,2,4,1,0,0,0,0,0,12,2.67
Josh Ravin,ATL,2,0,0,0,3,2,2,1,2,0,0,1,0,0,0,6,1.33
Buddy Baumann,NYM,3,0,0,0,3,7,8,4,5,1,0,1,0,0,0,24,4
Keone Kela,PIT,3,0,0,0,3,3,0,5,1,0,0,0,0,0,2,0,1.33
Oliver Drake,MIN,2,0,0,0,3,0,0,2,1,0,0,0,0,0,0,0,0.33
Alec Asher,MIL,2,0,0,0,3,2,0,2,1,0,0,0,0,0,0,0,1
Bobby Wahl,NYM,4,0,0,0,2.2,4,2,3,1,1,0,0,0,0,2,6.75,1.88
Cody Carroll,BAL,3,0,0,0,2.2,3,2,1,2,0,0,1,0,1,0,6.75,1.88
Marc Rzepczynski,CLE,5,0,0,0,2.2,3,0,1,1,0,0,0,0,0,2,0,1.5
Yovani Gallardo,CIN,3,0,0,0,2.1,8,8,2,4,1,0,0,0,0,0,30.86,5.14
Greg Holland,WAS,3,0,0,0,2.1,2,0,4,2,0,0,0,0,0,0,0,1.71
Jimmy Cordero,WAS,2,0,0,0,2.1,2,2,1,4,0,0,0,0,0,0,7.71,2.57
Robby Scott,BOS,2,0,0,0,2.1,3,4,2,1,1,0,1,0,0,0,15.43,1.71
Carlos Ramirez,TOR,2,0,0,0,2.1,1,1,3,5,0,0,0,0,0,0,3.86,2.57
Jordan Lyles,MIL,1,0,0,0,2.1,3,3,3,1,0,0,0,0,0,0,11.57,1.71
Eric Stout,KC,3,0,0,0,2.1,7,6,2,2,2,0,0,0,0,0,23.14,3.86
Reymin Guduan,HOU,1,0,0,0,2,1,1,3,0,1,0,0,0,0,0,4.5,0.5
Roberto Osuna,HOU,2,0,0,0,2,1,0,0,0,0,1,0,0,0,0,0,0.5
Ian Krol,LAA,1,0,0,0,2,1,0,2,1,0,0,0,0,0,0,0,1
Alec Mills,CHC,1,0,0,0,2,0,0,2,0,0,0,0,0,0,0,0,0
Jen-Ho Tseng,CHC,1,1,0,0,2,4,3,3,0,1,0,0,0,0,0,13.5,2
Jesus Reyes,CIN,1,0,0,0,2,0,0,0,0,0,0,0,0,0,0,0,0
William Cuevas,BOS,1,0,0,0,2,2,1,0,0,1,0,0,0,0,0,4.5,1
Williams Jerez,LAA,1,0,0,0,2,1,0,1,0,0,0,0,0,0,0,0,0.5
Jake Jewell,LAA,3,0,0,0,2,2,2,1,1,0,0,1,0,0,0,9,1.5
Enny Romero,WAS,2,0,0,0,2,5,3,2,1,1,0,0,0,0,0,13.5,3
Preston Guilmet,STL,2,0,0,0,2,7,5,3,0,2,0,1,0,0,0,22.5,3.5
Miguel Diaz,SD,1,0,0,0,2,1,0,5,0,0,0,0,0,0,0,0,0.5
Trey Wingenter,SD,2,0,0,0,2,0,0,3,0,0,0,0,0,0,0,0,0
Zach Duke,SEA,6,0,0,0,1.2,6,6,2,2,1,1,0,0,0,0,32.4,4.8
Brandon Cumpton,TOR,1,0,0,0,1.2,3,1,2,2,0,0,0,0,0,0,5.4,3
Thomas Pannone,TOR,1,0,0,0,1.2,3,2,3,0,0,0,0,0,0,0,10.8,1.8
Parker Bridwell,LAA,1,1,0,0,1.2,7,6,0,0,3,0,0,0,0,0,32.4,4.2
Shawn Kelley,OAK,2,0,0,0,1.2,0,0,0,1,0,0,0,0,0,0,0,0.6
Oliver Drake,TOR,2,0,0,0,1.2,4,3,2,0,0,0,0,0,0,0,16.2,2.4
John Axford,LAD,2,0,0,0,1.1,4,6,2,2,0,0,0,0,0,0,40.5,4.5
Scott Copeland,NYM,1,0,0,0,1.1,1,0,2,0,0,0,0,0,0,0,0,0.75
J.J. Hoover,MIL,2,0,0,0,1.1,4,3,0,2,1,0,1,0,1,0,20.25,4.5
Hoby Milner,TB,2,0,0,0,1.1,2,1,2,2,1,0,0,0,0,0,6.75,3
Austin Adams,WAS,2,0,0,0,1,1,0,0,3,0,0,0,0,0,0,0,4
Miguel Almonte,LAA,1,0,0,0,1,2,2,1,0,1,0,0,0,0,0,18,2
Chase Whitley,ATL,1,0,0,0,1,2,2,1,1,1,0,0,0,0,0,18,3
Adam McCreery,ATL,1,0,0,0,1,4,2,2,0,0,0,0,0,0,0,18,4
Chad Sobotka,ATL,1,0,0,0,1,0,0,1,0,0,0,0,0,0,0,0,0
Alexi Ogando,CLE,1,0,0,0,1,2,2,1,3,0,0,1,0,0,0,18,5
Sam Howard,COL,1,0,0,0,1,1,0,0,0,0,0,0,0,0,0,0,1
Jacob Turner,DET,1,1,0,0,1,6,5,1,1,1,0,1,0,0,0,45,7
Fernando Rodney,OAK,1,0,0,0,1,0,0,1,0,0,0,0,0,0,0,0,0
Zach Neal,LAD,1,0,0,0,1,2,1,0,0,1,0,0,0,0,0,9,2
Mike Zagurski,MIL,2,0,0,0,1,5,7,2,2,0,0,1,0,1,0,63,7
John Curtiss,MIN,2,0,0,0,0.2,2,3,1,2,0,0,1,0,0,0,40.5,6
Jerry Vasto,COL,1,0,0,0,0.2,3,3,1,1,0,0,0,0,0,0,40.5,6
Koda Glover,WAS,1,0,0,0,0.2,0,0,0,0,0,0,0,0,0,0,0,0
Chris Rowley,TOR,2,0,0,0,0.2,2,3,0,1,1,0,1,0,0,0,40.5,4.5
Matt Festa,SEA,1,0,0,0,0.2,2,0,0,0,0,0,0,0,0,0,0,3
James Hoyt,HOU,1,0,0,0,0.1,1,0,0,1,0,0,0,0,0,0,0,6
Buddy Baumann,SD,1,0,0,0,0.1,2,2,0,2,0,0,1,0,0,0,54,12
Jeremy Bleich,OAK,2,0,0,0,0.1,2,2,1,0,0,0,0,0,0,0,54,6
Aaron Loup,PHI,2,0,0,0,0.1,2,2,1,0,0,0,0,0,0,0,54,6
