First Name,Last Name,Team,G,GS,CG,SH,IP,H,ER,K,BB,HR,W,L,SV,BS,HLD,ERA,WHIP
Trevor,Bauer,CLE,18,18,0,0,121.3,95,33,156,37,5,8,6,0,0,0,2.45,1.09
Max,Scherzer,WAS,18,18,1,1,120.7,75,29,174,30,10,10,5,0,0,0,2.16,0.87
Corey,Kluber,CLE,18,18,1,0,119.3,91,35,120,13,17,12,4,0,0,0,2.64,0.87
Justin,Verlander,HOU,18,18,1,1,118.7,78,28,144,24,11,9,4,0,0,0,2.12,0.86
Luis,Severino,NYY,18,18,1,1,118.3,83,26,138,29,6,13,2,0,0,0,1.98,0.95
Gerrit,Cole,HOU,18,18,1,1,116.7,75,35,158,38,14,9,2,0,0,0,2.7,0.97
Chris,Sale,BOS,18,18,0,0,116,74,31,164,29,10,8,4,0,0,0,2.41,0.89
Aaron,Nola,PHI,18,18,0,0,116,86,31,116,33,6,11,2,0,0,0,2.41,1.03
Jose,Berrios,MIN,18,18,2,1,114.3,88,45,114,26,17,8,7,0,0,0,3.54,1
Sean,Manaea,OAK,18,18,1,1,113.7,87,42,78,22,16,8,6,0,0,0,3.33,0.96
James,Shields,CWS,19,18,0,0,113.7,96,52,76,45,13,3,9,0,0,0,4.12,1.24
Clayton,Richard,SD,18,18,0,0,113,105,56,86,38,11,7,8,0,0,0,4.46,1.27
Patrick,Corbin,ARI,18,18,1,1,112,83,38,140,30,11,6,3,0,0,0,3.05,1.01
Mike,Leake,SEA,18,18,0,0,111.7,115,51,70,25,15,8,5,0,0,0,4.11,1.25
James,Paxton,SEA,18,18,2,1,111.7,87,42,145,32,13,8,2,0,0,0,3.39,1.07
Rick,Porcello,BOS,18,18,0,0,111,102,44,104,26,12,10,3,0,0,0,3.57,1.15
Mike,Clevinger,CLE,17,17,1,1,110,97,38,99,36,7,7,3,0,0,0,3.11,1.21
Zack,Greinke,ARI,18,18,0,0,109.7,102,41,112,20,16,9,5,0,0,0,3.36,1.11
Dallas,Keuchel,HOU,18,18,1,0,109.3,114,50,87,29,12,5,8,0,0,0,4.12,1.31
Miles,Mikolas,STL,17,17,1,1,109.3,96,32,75,17,8,9,3,0,0,0,2.63,1.03
Blake,Snell,TB,18,18,0,0,108.7,69,27,123,41,12,11,4,0,0,0,2.24,1.01
Jacob,deGrom,NYM,17,17,0,0,107.3,81,22,134,28,6,5,4,0,0,0,1.84,1.02
Tanner,Roark,WAS,18,17,0,0,105.7,99,54,88,38,15,3,10,0,0,0,4.6,1.3
Kyle,Freeland,COL,17,17,0,0,105.3,91,38,84,33,12,8,6,0,0,0,3.25,1.18
J.A.,Happ,TOR,17,17,0,0,102.7,86,46,110,28,14,10,4,0,0,0,4.03,1.11
Cole,Hamels,TEX,17,17,0,0,102.3,96,46,104,37,20,4,7,0,0,0,4.05,1.3
Charlie,Morton,HOU,17,17,0,0,102.3,73,29,133,41,11,10,2,0,0,0,2.55,1.11
Kevin,Gausman,BAL,17,17,0,0,102.3,110,46,90,25,17,4,6,0,0,0,4.05,1.32
Tyler,Anderson,COL,18,18,0,0,101.7,91,44,94,33,15,6,3,0,0,0,3.9,1.22
Jakob,Junis,KC,17,17,0,0,101.7,103,58,92,28,24,5,10,0,0,0,5.13,1.29
Lance,McCullers,HOU,17,17,0,0,101.3,79,40,106,38,10,9,3,0,0,0,3.55,1.15
Danny,Duffy,KC,18,18,0,0,100.7,103,58,86,48,19,4,8,0,0,0,5.19,1.5
Kyle,Gibson,MIN,17,17,0,0,100.7,87,40,96,42,11,2,6,0,0,0,3.58,1.28
Marco,Gonzales,SEA,17,17,1,0,100.3,103,42,87,20,10,8,5,0,0,0,3.77,1.23
Felix,Hernandez,SEA,18,18,0,0,100.3,100,57,85,36,14,8,6,0,0,0,5.11,1.36
Jason,Hammel,KC,17,17,0,0,100.3,125,62,66,30,11,2,10,0,0,0,5.56,1.54
Michael,Fulmer,DET,17,17,0,0,100.3,95,47,85,33,11,3,7,0,0,0,4.22,1.28
Reynaldo,Lopez,CWS,17,17,0,0,100.3,88,41,73,42,11,4,5,0,0,0,3.68,1.3
Jon,Lester,CHC,17,17,0,0,100,80,25,79,35,11,11,2,0,0,0,2.25,1.15
Tyson,Ross,SD,17,17,0,0,100,85,42,90,38,13,5,6,0,0,0,3.78,1.23
Jose,Urena,MIA,17,17,0,0,99,94,46,81,23,9,2,9,0,0,0,4.18,1.18
Jhoulys,Chacin,MIL,18,18,0,0,97,87,40,76,43,7,6,3,0,0,0,3.71,1.34
Kyle,Hendricks,CHC,17,17,0,0,97,91,46,72,30,16,5,8,0,0,0,4.27,1.25
David,Price,BOS,17,17,1,0,96.7,89,46,92,33,15,9,6,0,0,0,4.28,1.26
Chris,Stratton,SF,18,18,0,0,96.7,103,53,73,36,11,8,6,0,0,0,4.93,1.44
Dylan,Bundy,BAL,16,16,1,0,96,87,40,108,29,18,6,7,0,0,0,3.75,1.21
Sean,Newcomb,ATL,17,17,0,0,95.7,73,33,92,45,9,8,3,0,0,0,3.1,1.23
Chad,Bettis,COL,17,17,0,0,95.3,95,54,69,38,15,5,1,0,0,0,5.1,1.4
Sal,Romano,CIN,18,18,0,0,95,102,57,73,38,17,5,8,0,0,0,5.4,1.47
Zack,Wheeler,NYM,16,16,0,0,95,89,46,91,35,9,2,6,0,0,0,4.36,1.31
Chase,Anderson,MIL,17,17,0,0,94.7,68,42,73,36,17,6,6,0,0,0,3.99,1.1
Luis,Castillo,CIN,18,18,0,0,94.3,97,58,91,33,18,5,8,0,0,0,5.53,1.38
Eduardo,Rodriguez,BOS,17,17,0,0,93.7,89,40,100,29,12,10,3,0,0,0,3.84,1.26
Alex,Wood,LAD,17,17,0,0,93.7,92,40,84,16,11,5,5,0,0,0,3.84,1.15
Brent,Suter,MIL,18,16,0,0,93.3,93,47,78,18,15,8,5,0,0,0,4.53,1.19
Jameson,Taillon,PIT,17,17,1,1,93.3,90,42,87,28,11,5,6,0,0,0,4.05,1.26
Julio,Teheran,ATL,17,17,0,0,92.7,70,46,87,45,17,6,6,0,0,0,4.47,1.24
Mike,Fiers,DET,16,16,0,0,92.7,93,39,68,20,16,5,5,0,0,0,3.79,1.22
Bartolo,Colon,TEX,17,15,0,0,92.7,98,49,56,15,20,5,5,0,0,0,4.76,1.22
Zack,Godley,ARI,17,17,0,0,92.3,98,52,92,50,12,9,6,0,0,0,5.07,1.6
Ivan,Nova,PIT,16,16,0,0,92.3,99,46,71,17,17,4,6,0,0,0,4.48,1.26
Tyler,Skaggs,LAA,16,16,0,0,92,85,27,100,27,8,6,5,0,0,0,2.64,1.22
Jon,Gray,COL,17,17,0,0,92,108,59,119,29,11,7,7,0,0,0,5.77,1.49
Ian,Kennedy,KC,17,17,0,0,91.7,97,52,84,33,17,1,8,0,0,0,5.11,1.42
Tyler,Mahle,CIN,17,17,0,0,91.7,91,39,93,39,16,6,6,0,0,0,3.83,1.42
Jose,Quintana,CHC,17,17,0,0,91.7,86,43,84,43,14,7,6,0,0,0,4.22,1.41
Trevor,Williams,PIT,17,17,0,0,91.7,80,43,68,30,11,6,6,0,0,0,4.22,1.2
Carlos,Carrasco,CLE,15,15,2,0,91.3,85,43,96,22,11,8,5,0,0,0,4.24,1.17
Mike,Minor,TEX,16,16,0,0,91.3,88,47,74,22,14,6,4,0,0,0,4.63,1.2
German,Marquez,COL,17,17,0,0,91,96,52,93,35,15,6,8,0,0,0,5.14,1.44
Daniel,Mengden,OAK,16,16,1,1,90.7,87,45,55,19,15,6,6,0,0,0,4.47,1.17
Jake,Odorizzi,MIN,18,18,0,0,90.7,88,46,97,43,15,3,6,0,0,0,4.57,1.44
Gio,Gonzalez,WAS,17,17,0,0,90.7,86,38,86,43,9,6,5,0,0,0,3.77,1.42
Marco,Estrada,TOR,17,17,0,0,89.7,93,47,70,25,15,4,7,0,0,0,4.72,1.32
Lucas,Giolito,CWS,17,17,0,0,89.7,91,69,54,54,16,5,7,0,0,0,6.93,1.62
CC,Sabathia,NYY,16,16,0,0,89.3,87,30,71,24,11,6,3,0,0,0,3.02,1.24
Jake,Arrieta,PHI,16,16,0,0,89,84,35,61,29,9,5,6,0,0,0,3.54,1.27
Andrew,Heaney,LAA,15,15,1,1,89,80,39,86,26,11,4,6,0,0,0,3.94,1.19
Mike,Foltynewicz,ATL,16,16,1,1,89,59,20,107,40,6,6,4,0,0,0,2.02,1.11
Luke,Weaver,STL,17,17,0,0,89,95,51,82,34,12,4,7,0,0,0,5.16,1.45
Derek,Holland,SF,17,17,0,0,88.7,85,43,83,37,12,5,7,0,0,0,4.36,1.38
Vince,Velasquez,PHI,17,17,0,0,88.3,80,46,107,34,13,5,8,0,0,0,4.69,1.29
Andrew,Cashner,BAL,16,16,0,0,88.3,99,44,71,40,14,2,8,0,0,0,4.48,1.57
Matt,Boyd,DET,16,16,0,0,88.3,72,41,76,35,9,4,6,0,0,0,4.18,1.21
Junior,Guerra,MIL,16,16,0,0,87.7,70,28,88,34,10,5,5,0,0,0,2.87,1.19
Nick,Pivetta,PHI,18,17,0,0,87,87,45,104,27,13,5,7,0,0,0,4.66,1.31
Chad,Kuhl,PIT,16,16,0,0,85,89,43,81,33,14,5,5,0,0,0,4.55,1.44
Michael,Wacha,STL,15,15,0,0,84.3,68,30,71,36,9,8,2,0,0,0,3.2,1.23
Ross,Stripling,LAD,23,12,0,0,83.3,80,21,96,13,9,6,2,0,0,2,2.27,1.12
Steven,Matz,NYM,16,16,0,0,83.3,70,32,76,32,13,4,5,0,0,0,3.46,1.22
Sonny,Gray,NYY,16,16,0,0,82.7,89,50,73,36,10,5,6,0,0,0,5.44,1.51
Ty,Blach,SF,24,12,0,0,82,96,39,43,27,5,5,5,0,0,2,4.28,1.5
Ryan,Yarbrough,TB,20,5,0,0,82,78,35,74,29,11,7,4,0,0,0,3.84,1.3
Alex,Cobb,BAL,15,15,0,0,81.3,108,59,55,24,14,2,10,0,0,0,6.53,1.62
Stephen,Strasburg,WAS,13,13,0,0,80.7,69,31,95,19,12,6,6,0,0,0,3.46,1.09
Lance,Lynn,MIN,16,16,0,0,80.3,85,49,82,50,8,5,7,0,0,0,5.49,1.68
Aaron,Sanchez,TOR,15,15,0,0,79.7,75,40,67,45,8,3,5,0,0,0,4.52,1.51
Wade,LeBlanc,SEA,17,12,0,0,79,75,28,60,16,10,4,0,0,0,0,3.19,1.15
Carlos,Martinez,STL,14,14,0,0,78.7,67,28,80,45,3,5,4,0,0,0,3.2,1.42
Brandon,McCarthy,ATL,15,15,0,0,78.7,94,43,65,21,15,6,3,0,0,0,4.92,1.46
Andrew,Suarez,SF,14,14,0,0,78,81,34,72,15,10,3,5,0,0,0,3.92,1.23
Caleb,Smith,MIA,16,16,0,0,77.3,63,36,88,33,10,5,6,0,0,0,4.19,1.24
Chris,Archer,TB,13,13,0,0,76.3,76,36,76,26,9,3,4,0,0,0,4.24,1.34
Kenta,Maeda,LAD,15,14,0,0,75,67,28,89,29,6,5,5,0,0,0,3.36,1.28
Garrett,Richards,LAA,15,15,0,0,73.7,60,28,86,33,10,5,4,0,0,0,3.42,1.26
Francisco,Liriano,DET,13,13,0,0,73.7,57,33,57,41,11,3,5,0,0,0,4.03,1.33
Tyler,Chatwood,CHC,15,15,0,0,73.3,62,37,70,66,5,3,5,0,0,0,4.54,1.75
Masahiro,Tanaka,NYY,13,13,0,0,72.7,60,37,73,19,16,7,2,0,0,0,4.58,1.09
Matt,Koch,ARI,13,12,0,0,71.7,69,35,38,17,16,5,4,0,0,0,4.4,1.2
Domingo,German,NYY,16,10,0,0,68.7,63,41,81,24,13,2,4,0,0,0,5.37,1.27
Jack,Flaherty,STL,12,12,0,0,67.7,52,24,80,19,10,3,4,0,0,0,3.19,1.05
Jordan,Lyles,SD,21,8,0,0,66.7,67,33,56,18,12,2,4,0,0,2,4.46,1.28
Mike,Montgomery,CHC,25,7,0,0,66,58,26,45,22,6,3,2,0,0,0,3.55,1.21
Doug,Fister,TEX,12,12,0,0,66,73,33,40,19,11,1,7,0,0,0,4.5,1.39
Noah,Syndergaard,NYM,11,11,0,0,64.7,63,22,76,13,5,4,1,0,0,0,3.06,1.18
Matt,Moore,TEX,17,12,0,0,64.3,95,54,48,28,9,1,5,0,0,0,7.55,1.91
Zach,Eflin,PHI,11,11,0,0,63.7,55,21,63,14,5,7,2,0,0,0,2.97,1.08
Hector,Santiago,CWS,27,7,0,0,63.7,63,32,55,39,11,3,3,0,0,0,4.52,1.6
Seth,Lugo,NYM,28,5,0,0,63.3,51,19,66,16,7,3,3,0,1,5,2.7,1.06
Clayton,Kershaw,LAD,11,11,0,0,63,57,20,65,12,7,2,4,0,0,0,2.86,1.1
Eric,Lauer,SD,13,13,0,0,62,82,35,54,27,10,3,5,0,0,0,5.08,1.76
Homer,Bailey,CIN,12,12,0,0,62,81,46,38,24,15,1,7,0,0,0,6.68,1.69
Wei-Yin,Chen,MIA,13,13,0,0,61.7,68,38,46,25,10,2,5,0,0,0,5.55,1.51
Jaime,Garcia,TOR,13,13,0,0,61.3,68,42,56,31,12,2,6,0,0,0,6.16,1.61
Dan,Straily,MIA,12,12,0,0,59.3,53,31,52,29,13,3,4,0,0,0,4.7,1.38
Steven,Brault,PIT,25,5,0,0,59.3,49,32,52,36,6,5,2,0,0,2,4.85,1.43
Joey,Lucchesi,SD,12,12,0,0,58,48,21,60,23,10,4,3,0,0,0,3.26,1.22
Brad,Keller,KC,27,6,1,0,56,47,13,33,18,1,2,3,0,2,5,2.09,1.16
Austin,Pruitt,TB,17,0,0,0,56,55,26,32,12,6,2,3,1,1,0,4.18,1.2
Jaime,Barria,LAA,11,11,0,0,55.7,51,21,46,16,10,5,4,0,0,0,3.4,1.2
Nick,Tropeano,LAA,10,10,0,0,54,53,29,44,20,9,3,4,0,0,0,4.83,1.35
Marcus,Stroman,TOR,10,10,0,0,54,62,39,43,23,7,1,6,0,0,0,6.5,1.57
Matt,Harvey,CIN,10,10,0,0,53.7,47,23,40,12,7,4,3,0,0,0,3.86,1.1
T.J.,McFarland,ARI,30,0,0,0,53.3,51,12,29,11,4,2,1,1,0,0,2.03,1.16
Anibal,Sanchez,ATL,10,9,0,0,53,41,17,48,18,7,3,2,0,0,0,2.89,1.11
Trevor,Richards,MIA,11,11,0,0,53,58,31,48,22,5,2,5,0,0,0,5.26,1.51
Jesse,Chavez,TEX,26,0,0,0,52.7,50,19,48,11,9,3,1,1,0,2,3.25,1.16
Walker,Buehler,LAD,10,9,0,0,52.3,43,20,54,12,3,4,2,0,1,0,3.44,1.05
Fernando,Romero,MIN,10,10,0,0,51.3,50,25,44,19,6,3,3,0,0,0,4.38,1.34
Jarlin,Garcia,MIA,12,6,0,0,51,41,25,32,21,13,1,1,0,0,0,4.41,1.22
Matt,Andriese,TB,23,4,0,0,51,46,21,46,13,5,1,3,0,0,2,3.71,1.16
Dylan,Covey,CWS,10,10,0,0,50.3,56,31,38,24,6,3,4,0,0,0,5.54,1.59
Miguel,Castro,BAL,34,0,0,0,49.7,40,16,34,28,2,2,4,0,1,0,2.9,1.37
Blaine,Hardy,DET,15,8,0,0,49.7,48,19,35,13,6,3,1,1,0,2,3.44,1.23
Eric,Skoglund,KC,9,9,0,0,49.7,55,37,39,14,10,1,5,0,0,0,6.7,1.39
Shohei,Ohtani,LAA,9,9,0,0,49.3,36,17,61,20,5,4,1,0,0,0,3.1,1.14
David,Hess,BAL,10,9,0,0,49,55,33,29,20,11,2,5,0,0,0,6.06,1.53
Robert,Gsellman,NYM,39,0,0,0,49,45,24,47,20,6,5,2,3,5,10,4.41,1.33
Trevor,Cahill,OAK,8,8,0,0,48.7,37,15,47,11,4,1,2,0,0,0,2.77,0.99
Robbie,Erlin,SD,23,2,0,0,48.3,46,22,41,5,6,1,3,0,0,1,4.1,1.06
Bryan,Mitchell,SD,12,7,0,0,48.3,63,38,23,35,9,0,3,0,0,0,7.08,2.03
Noe,Ramirez,LAA,40,0,0,0,48.3,43,24,60,18,8,3,3,0,2,4,4.47,1.26
Jordan,Zimmermann,DET,10,10,0,0,48.3,45,21,45,10,5,3,0,0,0,0,3.91,1.14
Yusmeiro,Petit,OAK,39,0,0,0,48,48,21,33,8,8,2,2,0,2,10,3.94,1.17
Jeremy,Hellickson,WAS,10,10,0,0,48,41,14,38,8,5,2,1,0,0,0,2.63,1.02
Sam,Gaviglio,TOR,10,8,0,0,47.7,43,21,45,14,8,2,2,0,0,0,3.97,1.2
Jake,Faria,TB,10,10,0,0,47.7,41,29,37,22,7,3,3,0,0,0,5.48,1.32
Rich,Hill,LAD,10,10,0,0,47.3,48,24,51,17,9,2,3,0,0,0,4.56,1.37
Tyler,Glasnow,PIT,28,0,0,0,46,37,24,57,25,5,1,2,0,0,3,4.7,1.35
Jared,Hughes,CIN,39,0,0,0,46,37,7,35,13,2,2,2,6,1,9,1.37,1.09
Josh,Tomlin,CLE,20,6,0,0,46,58,33,28,9,19,0,4,0,0,0,6.46,1.46
Edwin,Diaz,SEA,45,0,0,0,45,25,12,72,13,2,0,2,33,3,0,2.4,0.84
Josh,Hader,MIL,29,0,0,0,44.7,15,6,83,18,2,2,0,7,2,14,1.21,0.74
Brian,Johnson,BOS,24,3,0,0,44.7,53,21,37,13,5,1,2,0,0,0,4.23,1.48
Jordan,Hicks,STL,40,0,0,0,44.7,24,12,38,23,1,3,1,1,3,12,2.42,1.05
Mike,Wright,BAL,21,2,0,0,44.3,53,25,34,22,4,1,0,0,0,0,5.08,1.69
Hector,Velazquez,BOS,24,2,0,0,43.7,53,13,28,10,4,6,0,0,0,1,2.68,1.44
Amir,Garrett,CIN,41,0,0,0,43.7,33,14,52,13,5,0,1,0,2,17,2.89,1.05
Mychal,Givens,BAL,37,0,0,0,43,42,23,50,23,1,0,6,1,2,11,4.81,1.51
Shane,Carle,ATL,35,0,0,0,43,37,14,34,16,2,4,1,0,1,11,2.93,1.23
Zach,Davies,MIL,8,8,0,0,43,45,25,31,17,7,2,5,0,0,0,5.23,1.44
Adam,Cimber,SD,36,0,0,0,42.7,39,16,47,7,2,3,4,0,1,5,3.38,1.08
Blake,Treinen,OAK,35,0,0,0,42.7,28,4,52,12,1,4,1,22,2,0,0.84,0.94
Frankie,Montas,OAK,7,7,0,0,42.3,49,18,28,13,2,4,2,0,0,0,3.83,1.46
Jeremy,Jeffress,MIL,41,0,0,0,42,22,5,44,12,3,6,1,3,4,11,1.07,0.81
Chris,Volstad,CWS,28,1,0,0,42,53,23,27,10,8,1,5,0,1,0,4.93,1.5
Blake,Parker,LAA,40,0,0,0,41.3,36,14,47,13,6,1,1,10,2,2,3.05,1.19
Chad,Green,NYY,33,0,0,0,41.3,33,9,53,8,4,4,1,0,2,11,1.96,0.99
Andrew,Triggs,OAK,9,9,0,0,41.3,37,24,43,18,7,3,1,0,0,0,5.23,1.33
Nathan,Eovaldi,TB,7,7,0,0,41.3,32,18,35,6,9,2,3,0,0,0,3.92,0.92
Trevor,Hildenberger,MIN,38,0,0,0,41,32,14,35,12,5,1,2,0,0,11,3.07,1.07
Brad,Ziegler,MIA,41,0,0,0,41,42,22,29,13,6,0,5,10,1,7,4.83,1.34
Archie,Bradley,ARI,42,0,0,0,41,26,9,37,11,4,2,1,3,2,22,1.98,0.9
Dan,Jennings,MIL,39,0,0,0,40.7,43,16,31,14,3,3,2,0,0,7,3.54,1.4
Kenley,Jansen,LAD,38,0,0,0,40.7,28,10,42,9,4,0,1,23,2,0,2.21,0.91
Ryan,Pressly,MIN,43,0,0,0,40.7,40,17,60,17,5,1,1,0,4,6,3.76,1.4
Tyler,Clippard,TOR,43,0,0,0,40.7,30,14,47,16,7,4,2,6,4,8,3.1,1.13
Joe,Musgrove,PIT,7,7,0,0,40.3,45,17,36,11,3,3,3,0,0,0,3.79,1.39
Brad,Hand,SD,38,0,0,0,40.3,29,14,58,15,5,1,4,23,4,3,3.12,1.09
Craig,Stammen,SD,37,0,0,0,40.3,35,12,44,8,1,4,1,0,3,14,2.68,1.07
Tayron,Guerrero,MIA,41,0,0,0,40,39,19,54,24,3,1,2,0,1,6,4.28,1.58
Steven,Wright,BOS,10,4,0,0,40,30,15,31,20,4,2,1,0,0,0,3.38,1.25
Yu,Darvish,CHC,8,8,0,0,40,36,22,49,21,7,1,3,0,0,0,4.95,1.43
Joe,Jimenez,DET,43,0,0,0,40,34,13,45,12,2,4,1,2,3,13,2.93,1.15
Collin,McHugh,HOU,27,0,0,0,40,22,4,52,9,2,4,0,0,0,0,0.9,0.78
John,Axford,TOR,36,0,0,0,40,35,19,37,17,5,2,1,0,0,4,4.28,1.3
Ryan,Tepera,TOR,38,0,0,0,39.3,35,13,43,12,5,5,3,6,5,9,2.97,1.19
Seung Hwan,Oh,TOR,40,0,0,0,39.3,34,14,47,10,5,4,3,2,3,9,3.2,1.12
Tony,Watson,SF,39,0,0,0,39.3,30,7,41,8,1,2,2,0,1,20,1.6,0.97
Sam,Dyson,SF,42,0,0,0,39.3,33,14,30,11,4,2,2,3,4,14,3.2,1.12
Paul,Sewald,NYM,26,0,0,0,39,38,21,38,11,6,0,4,0,2,2,4.85,1.26
Addison,Reed,MIN,39,0,0,0,39,42,18,36,13,6,1,5,0,4,9,4.15,1.41
Steve,Cishek,CHC,40,0,0,0,39,23,8,43,17,2,2,0,2,2,10,1.85,1.03
Fernando,Salas,ARI,40,0,0,0,39,39,18,29,12,5,4,4,0,0,4,4.15,1.31
John,Gant,STL,10,5,0,0,39,28,17,34,17,2,2,3,0,0,0,3.92,1.15
Clay,Buchholz,ARI,7,7,0,0,38.7,30,11,31,7,4,2,1,0,0,0,2.56,0.96
Robbie,Ray,ARI,8,8,0,0,38.7,36,21,58,20,7,3,1,0,0,0,4.89,1.45
Elieser,Hernandez,MIA,14,5,0,0,38.7,41,20,23,16,5,0,5,0,0,1,4.66,1.47
Kyle,Barraclough,MIA,39,0,0,0,38.3,14,5,42,19,2,0,2,8,3,7,1.17,0.86
Scott,Alexander,LAD,37,1,0,0,38.3,33,16,29,19,2,1,0,0,0,8,3.76,1.36
David,Robertson,NYY,38,0,0,0,38.3,27,15,47,13,3,5,3,1,4,13,3.52,1.04
Nick,Kingham,PIT,7,7,0,0,38.3,36,20,37,10,7,2,4,0,0,0,4.7,1.2
Madison,Bumgarner,SF,6,6,0,0,38.3,31,11,30,12,3,1,3,0,0,0,2.58,1.12
Adam,Ottavino,COL,36,0,0,0,38.3,19,8,60,16,2,4,2,2,2,16,1.88,0.91
Buck,Farmer,DET,40,0,0,0,38,42,20,39,23,5,3,3,0,0,7,4.74,1.71
Shane,Greene,DET,39,0,0,0,38,36,17,42,11,7,2,5,19,3,0,4.03,1.24
Cam,Bedrosian,LAA,41,0,0,0,38,38,14,33,16,5,3,1,1,4,6,3.32,1.42
Yoshihisa,Hirano,ARI,42,0,0,0,37.7,25,6,34,13,3,2,1,0,2,19,1.43,1.01
Raisel,Iglesias,CIN,35,0,0,0,37.7,26,11,42,13,6,1,1,16,3,0,2.63,1.04
Reyes,Moronta,SF,39,0,0,0,37.7,19,8,43,20,1,4,1,1,2,4,1.91,1.04
Aroldis,Chapman,NYY,38,0,0,0,37.7,17,6,65,15,1,3,0,24,1,0,1.43,0.85
Jason,Vargas,NYM,9,9,0,0,37.7,55,36,32,14,11,2,6,0,0,0,8.6,1.83
Dellin,Betances,NYY,36,0,0,0,37.7,22,11,66,17,4,1,2,0,0,12,2.63,1.04
Drew,Steckenrider,MIA,41,0,0,0,37.7,28,13,45,15,2,3,1,1,1,12,3.11,1.14
Joe,Biagini,TOR,21,4,0,0,37.7,54,27,28,14,7,0,5,0,0,2,6.45,1.81
Sergio,Romo,TB,40,5,0,0,37.3,35,18,40,14,5,1,2,8,4,5,4.34,1.31
Alex,Claudio,TEX,36,0,0,0,37.3,54,20,19,5,1,4,2,1,2,9,4.82,1.58
Edgar,Santana,PIT,39,0,0,0,37.3,34,15,32,4,5,2,1,0,3,7,3.62,1.02
Brian,Flynn,KC,23,0,0,0,37.3,46,16,20,17,2,0,1,1,1,2,3.86,1.69
Drew,Pomeranz,BOS,8,8,0,0,37,47,28,36,21,7,1,3,0,0,0,6.81,1.84
Dereck,Rodriguez,SF,7,6,0,0,37,40,13,33,9,3,3,1,0,0,0,3.16,1.32
Bud,Norris,STL,37,0,0,0,36.7,29,12,48,6,4,3,2,16,2,2,2.95,0.95
Matt,Barnes,BOS,36,0,0,0,36.7,21,10,50,19,1,2,2,0,2,17,2.45,1.09
Jose,Alvarez,LAA,43,0,0,0,36.7,32,12,36,12,2,3,3,0,3,6,2.95,1.2
Chris,Rusin,COL,29,0,0,0,36.7,37,26,32,18,7,0,2,0,1,5,6.38,1.5
Adam,Plutko,CLE,7,6,0,0,36.7,35,19,25,9,9,4,2,0,0,0,4.66,1.2
Joe,Kelly,BOS,38,0,0,0,36.3,23,14,38,17,3,3,0,2,2,17,3.47,1.1
Heath,Hembree,BOS,36,0,0,0,36.3,29,15,48,16,5,3,1,0,0,10,3.72,1.24
Lou,Trivino,OAK,31,0,0,0,36.3,20,6,39,16,3,7,1,3,1,9,1.49,0.99
Dylan,Floro,CIN,25,0,0,0,36.3,39,11,27,12,2,3,2,0,0,1,2.72,1.4
Kevin,McCarthy,KC,32,0,0,0,36.3,29,13,22,13,2,4,3,0,2,8,3.22,1.16
Emilio,Pagan,OAK,29,0,0,0,36,31,11,36,12,6,2,0,0,0,4,2.75,1.19
Pierce,Johnson,SF,28,0,0,0,36,27,23,25,18,3,3,2,0,0,1,5.75,1.25
A.J.,Minter,ATL,39,0,0,0,36,30,11,39,15,1,3,1,4,0,11,2.75,1.25
Brad,Peacock,HOU,34,0,0,0,36,24,9,52,8,6,1,3,1,2,6,2.25,0.89
Bryan,Shaw,COL,41,0,0,0,35.7,50,30,34,20,8,3,5,0,4,11,7.57,1.96
Craig,Kimbrel,BOS,36,0,0,0,35.7,18,8,52,14,5,1,1,26,2,0,2.02,0.9
Jeff,Samardzija,SF,8,8,0,0,35.7,37,26,26,23,6,1,4,0,0,0,6.56,1.68
Jeurys,Familia,NYM,35,0,0,0,35.7,35,13,39,13,1,3,4,16,4,1,3.28,1.35
Felipe,Vazquez,PIT,36,0,0,0,35.3,31,14,46,15,1,3,2,17,4,0,3.57,1.3
Pedro,Strop,CHC,35,0,0,0,35.3,25,10,35,13,2,3,1,2,2,7,2.55,1.08
Sean,Doolittle,WAS,33,0,0,0,35.3,15,6,46,3,3,2,2,21,1,0,1.53,0.51
Jose,Alvarado,TB,37,0,0,0,35,26,11,38,19,1,0,3,3,2,17,2.83,1.29
Justin,Wilson,CHC,36,0,0,0,35,25,12,48,25,3,3,2,0,1,5,3.09,1.43
Sam,Freeman,ATL,41,0,0,0,35,25,19,35,20,2,2,4,0,3,6,4.89,1.29
Dan,Winkler,ATL,37,0,0,0,34.7,23,9,44,10,0,2,0,1,2,15,2.34,0.95
Cody,Allen,CLE,36,0,0,0,34.7,25,13,43,13,5,2,3,18,1,0,3.38,1.1
Wade,Davis,COL,37,0,0,0,34.7,24,16,39,19,4,0,2,25,4,0,4.15,1.24
Chris,Devenski,HOU,36,0,0,0,34.3,23,6,41,9,2,2,1,2,2,16,1.57,0.93
Burch,Smith,KC,23,0,0,0,34.3,36,23,36,21,8,0,0,0,0,1,6.03,1.66
Warwick,Saupold,DET,31,0,0,0,34.3,41,17,16,13,6,4,1,1,2,1,4.46,1.57
Jim,Johnson,LAA,33,0,0,0,34.3,33,15,31,13,4,2,2,1,2,4,3.93,1.34
Kendall,Graveman,OAK,7,7,0,0,34.3,44,29,27,13,9,1,5,0,0,0,7.6,1.66
Jonathan,Holder,NYY,29,0,0,0,34.3,22,7,31,4,1,1,1,0,0,4,1.83,0.76
Taylor,Rogers,MIN,36,0,0,0,34.3,37,17,36,7,3,1,2,0,2,4,4.46,1.28
Josh,Fields,LAD,37,0,0,0,34.3,23,9,28,9,4,2,2,2,1,8,2.36,0.93
Kirby,Yates,SD,34,0,0,0,34,19,3,41,9,1,3,0,2,0,16,0.79,0.82
Chaz,Roe,TB,40,0,0,0,34,22,10,38,11,3,1,1,1,0,20,2.65,0.97
Anthony,DeSclafani,CIN,6,6,0,0,33.7,33,19,29,10,9,3,1,0,0,0,5.08,1.28
Zach,McAllister,CLE,33,0,0,0,33.3,37,21,28,7,7,0,2,0,1,3,5.67,1.32
Daniel,Hudson,LAD,27,1,0,0,33.3,29,13,33,16,2,3,2,0,1,0,3.51,1.35
Jacob,Barnes,MIL,31,0,0,0,33,31,9,32,14,2,0,1,2,2,3,2.45,1.36
Juan,Nicasio,SEA,35,0,0,0,33,40,22,41,3,4,1,4,1,4,17,6,1.3
Chasen,Bradford,SEA,29,0,0,0,33,28,10,26,7,6,5,0,0,0,2,2.73,1.06
Richard,Rodriguez,PIT,28,0,0,0,33,30,8,42,4,3,1,2,0,0,2,2.18,1.03
Michael,Feliz,PIT,33,0,0,0,32.7,32,20,39,16,5,0,2,0,2,11,5.51,1.47
Joakim,Soria,CWS,33,0,0,0,32.7,29,9,38,6,2,0,2,12,2,2,2.48,1.07
Richard,Bleier,BAL,31,0,0,0,32.7,36,7,15,4,0,3,0,0,1,9,1.93,1.22
Brad,Brach,BAL,34,0,0,0,32.3,37,13,33,17,2,0,2,10,2,2,3.62,1.67
Carson,Fulmer,CWS,9,8,0,0,32.3,37,29,29,24,8,2,4,0,0,0,8.07,1.89
Alex,Wilson,DET,29,0,0,0,32.3,27,14,22,10,5,0,3,0,3,8,3.9,1.14
Matt,Magill,MIN,18,0,0,0,32.3,30,12,30,5,6,2,1,0,0,0,3.34,1.08
Brandon,Kintzler,WAS,35,0,0,0,32.3,33,15,24,12,2,1,2,2,2,13,4.18,1.39
Johnny,Cueto,SF,5,5,0,0,32,16,3,26,6,1,3,0,0,0,0,0.84,0.69
Hunter,Strickland,SF,34,0,0,0,31.7,26,10,29,13,2,3,3,13,4,0,2.84,1.23
Taylor,Williams,MIL,30,0,0,0,31.7,23,10,41,17,3,0,2,0,0,3,2.84,1.26
Will,Harris,HOU,36,0,0,0,31.3,32,14,38,7,3,3,3,0,3,11,4.02,1.24
Hector,Rondon,HOU,34,0,0,0,31.3,27,5,40,10,1,1,2,6,2,3,1.44,1.18
Jesse,Biddle,ATL,26,0,0,0,31.3,22,9,34,17,3,2,0,0,1,2,2.59,1.24
Zach,Duke,MIN,38,0,0,0,31,34,10,32,11,0,3,2,0,2,11,2.9,1.45
Kyle,Crick,PIT,33,0,0,0,31,23,8,33,16,1,1,1,1,0,6,2.32,1.26
Victor,Arano,PHI,28,0,0,0,31,24,8,33,9,1,1,0,1,0,4,2.32,1.06
Pedro,Baez,LAD,30,0,0,0,30.7,30,11,36,16,2,3,3,0,0,4,3.23,1.5
Arodys,Vizcaino,ATL,31,0,0,0,30.7,23,6,33,12,2,2,2,15,2,0,1.76,1.14
Andrew,Chafin,ARI,41,0,0,0,30.7,20,6,33,14,0,1,3,0,0,10,1.76,1.11
Jake,McGee,COL,35,0,0,0,30.7,36,19,27,7,5,1,2,1,1,12,5.58,1.4
Dan,Otero,CLE,31,0,0,0,30.7,29,20,21,3,7,1,1,0,1,1,5.87,1.04
Jose,Leclerc,TEX,32,0,0,0,30.7,14,8,41,17,0,2,2,0,3,9,2.35,1.01
Shane,Bieber,CLE,5,5,0,0,30.3,37,10,29,5,3,4,0,0,0,0,2.97,1.38
Justin,Anderson,LAA,30,0,0,0,30.3,29,13,40,20,3,2,2,3,1,11,3.86,1.62
Brad,Boxberger,ARI,33,0,0,0,30.3,24,12,41,16,6,1,3,20,4,0,3.56,1.32
David,Hernandez,CIN,25,0,0,0,30,19,6,32,13,0,3,0,0,3,9,1.8,1.07
Hector,Neris,PHI,33,0,0,0,30,35,23,41,11,11,1,3,10,3,0,6.9,1.53
Keone,Kela,TEX,32,0,0,0,30,21,11,36,11,2,3,3,20,0,0,3.3,1.07
Aaron,Loup,TOR,39,0,0,0,29.7,32,13,33,9,2,0,0,0,0,7,3.94,1.38
John,Brebbia,STL,24,0,0,0,29.7,26,11,32,7,2,1,1,2,0,3,3.34,1.11
Ryan,Madson,WAS,33,0,0,0,29.7,34,15,30,10,3,2,4,3,2,9,4.55,1.48
Matt,Grace,WAS,23,0,0,0,29.7,23,11,25,5,4,0,0,0,0,1,3.34,0.94
Hyun-Jin,Ryu,LAD,6,6,0,0,29.7,16,7,36,10,3,3,0,0,0,0,2.12,0.88
Chasen,Shreve,NYY,32,0,0,0,29.7,30,16,38,16,7,2,2,0,0,3,4.85,1.55
Ken,Giles,HOU,32,0,0,0,29.7,32,13,30,3,1,0,2,12,0,1,3.94,1.18
Carlos,Rodon,CWS,5,5,0,0,29.7,26,15,22,9,6,1,3,0,0,0,4.55,1.18
Wandy,Peralta,CIN,37,0,0,0,29.3,31,20,21,25,1,1,2,0,0,6,6.14,1.91
James,Pazos,SEA,34,0,0,0,29.3,25,6,27,4,1,2,1,0,2,13,1.84,0.99
Danny,Barnes,TOR,32,0,0,0,29.3,30,15,27,17,5,2,1,0,2,7,4.6,1.6
Jake,Diekman,TEX,36,0,0,0,29.3,27,12,35,18,2,1,1,2,1,9,3.68,1.53
Cory,Gearrin,SF,34,0,0,0,29,33,14,29,13,5,1,1,1,2,2,4.34,1.59
Edubray,Ramos,PHI,33,0,0,0,29,22,4,32,11,2,2,0,1,1,8,1.24,1.14
Artie,Lewicki,DET,10,2,0,0,29,38,17,20,10,4,0,2,0,0,1,5.28,1.66
Seranthony,Dominguez,PHI,24,0,0,0,28.7,15,6,38,6,1,1,2,8,1,9,1.88,0.73
Matt,Albers,MIL,25,0,0,0,28.7,26,11,25,7,5,3,2,1,1,7,3.45,1.15
Austin,Bibens-Dirkx,TEX,5,5,0,0,28.7,33,14,21,8,3,1,2,0,0,0,4.4,1.43
Fernando,Rodney,MIN,30,0,0,0,28.3,25,10,31,11,3,2,2,17,5,0,3.18,1.27
Austin,Brice,CIN,25,0,0,0,28.3,33,19,27,11,6,1,2,0,0,3,6.04,1.55
Bruce,Rondon,CWS,32,0,0,0,28,35,24,38,23,1,2,3,1,1,4,7.71,2.07
Pedro,Araujo,BAL,20,0,0,0,28,29,24,29,18,9,1,3,0,0,0,7.71,1.68
Santiago,Casilla,OAK,23,0,0,0,28,17,11,21,18,0,0,0,1,0,1,3.54,1.25
Erick,Fedde,WAS,6,6,0,0,28,37,18,19,9,5,1,3,0,0,0,5.79,1.64
Sammy,Solis,WAS,40,0,0,0,28,22,14,30,15,3,1,1,0,2,12,4.5,1.32
Chris,Hatcher,OAK,24,0,0,0,27.7,37,15,22,13,4,3,2,0,1,1,4.88,1.81
Freddy,Peralta,MIL,5,5,0,0,27.7,12,7,40,12,1,3,1,0,0,0,2.28,0.87
Jordan,Montgomery,NYY,6,6,0,0,27.3,25,11,23,12,3,2,0,0,0,0,3.62,1.35
Jace,Fry,CWS,27,0,0,0,27.3,14,8,33,11,1,0,1,1,0,9,2.63,0.91
Jorge,De La Rosa,ARI,34,0,0,0,27.3,29,9,16,13,3,0,2,0,1,6,2.96,1.54
Mike,Mayers,STL,24,0,0,0,27.3,26,10,25,6,3,2,0,1,0,1,3.29,1.17
Ryne,Stanek,TB,23,9,0,0,27.3,13,6,33,14,2,1,2,0,0,2,1.98,0.99
Wilmer,Font,TB,9,5,0,0,27,15,5,20,11,2,2,1,0,0,0,1.67,0.96
Matt,Harvey,NYM,8,4,0,0,27,33,21,20,9,6,0,2,0,0,0,7,1.56
Chris,Bassitt,OAK,5,5,0,0,27,25,9,24,11,1,1,3,0,0,0,3,1.33
Matt,Wisler,ATL,7,3,0,0,26.7,30,16,21,5,6,1,1,0,0,0,5.4,1.31
Chris,Tillman,BAL,7,7,0,0,26.7,42,31,13,17,6,1,5,0,0,0,10.46,2.21
Yonny,Chirinos,TB,6,5,0,0,26.7,25,11,24,9,2,0,1,0,0,0,3.71,1.28
Tony,Barnette,TEX,22,0,0,0,26.3,19,7,26,5,2,2,0,0,0,1,2.39,0.91
Nick,Vincent,SEA,30,0,0,0,26.3,28,12,24,8,3,3,1,0,1,10,4.1,1.37
Tommy,Hunter,PHI,31,0,0,0,26,34,14,27,5,2,2,0,1,1,15,4.85,1.5
Luis,Avilan,CWS,39,0,0,0,26,26,12,30,10,2,2,0,0,2,6,4.15,1.38
Peter,Moylan,ATL,36,0,0,0,26,31,14,23,17,4,0,1,0,1,3,4.85,1.85
Michael,Lorenzen,CIN,17,0,0,0,26,22,6,15,11,0,1,0,1,1,5,2.08,1.27
Brian,Duensing,CHC,35,0,0,0,26,28,20,17,20,3,2,0,1,2,2,6.92,1.85
Brandon,Morrow,CHC,30,0,0,0,25.7,20,4,26,9,1,0,0,19,1,0,1.4,1.13
Mike,Soroka,ATL,5,5,0,0,25.7,30,10,21,7,1,2,1,0,0,0,3.51,1.44
Matt,Strahm,SD,15,5,0,0,25.7,16,7,25,11,2,2,2,0,0,0,2.45,1.05
Sam,Tuivailala,STL,25,0,0,0,25.7,27,9,22,9,2,1,3,0,0,4,3.16,1.4
Dillon,Peters,MIA,6,5,0,0,25.7,29,18,16,13,4,2,2,0,0,0,6.31,1.64
Kelvin,Herrera,KC,27,0,0,0,25.7,19,3,22,2,2,1,1,14,2,0,1.05,0.82
Chris,Martin,TEX,28,0,0,0,25,27,12,21,5,2,1,2,0,3,10,4.32,1.28
Carl,Edwards Jr.,CHC,25,0,0,0,25,18,8,40,12,2,2,1,0,0,9,2.88,1.2
Louis,Coleman,DET,23,0,0,0,24.7,20,9,28,11,3,3,1,0,2,5,3.28,1.26
Nate,Jones,CWS,27,0,0,0,24.7,20,7,27,14,3,2,2,4,3,6,2.55,1.38
Tim,Hill,KC,35,0,0,0,24.7,25,15,25,10,2,1,2,1,1,5,5.47,1.42
Luis,Garcia,PHI,32,0,0,0,24.7,21,13,23,6,2,2,1,1,2,10,4.74,1.09
Daniel,Gossett,OAK,5,5,0,0,24.3,25,14,12,8,5,0,3,0,0,0,5.18,1.36
Will,Smith,SF,26,0,0,0,24.3,10,3,34,7,0,0,0,2,1,5,1.11,0.7
Kazuhisa,Makita,SD,21,0,0,0,24.3,24,16,26,7,5,0,1,0,0,1,5.92,1.27
Harrison,Musgrave,COL,18,0,0,0,24.3,18,12,18,12,4,0,3,0,0,4,4.44,1.23
Antonio,Senzatela,COL,11,1,0,0,24.3,26,12,18,6,2,3,1,0,0,0,4.44,1.32
Vidal,Nuno,TB,9,0,0,0,24,14,4,17,9,3,3,0,0,1,0,1.5,0.96
Luke,Farrell,CHC,16,1,0,0,23.7,23,12,32,10,6,2,3,0,1,1,4.56,1.39
Daniel,Coulombe,OAK,26,0,0,0,23.7,23,12,26,11,5,1,1,0,0,0,4.56,1.44
Paul,Blackburn,OAK,5,5,0,0,23.7,26,17,16,5,2,2,2,0,0,0,6.46,1.31
Ben,Lively,PHI,5,5,0,0,23.7,34,18,22,10,4,0,2,0,0,0,6.85,1.86
Chris,Beck,CWS,14,0,0,0,23.7,24,11,16,11,5,0,0,1,0,0,4.18,1.48
Brandon,Woodruff,MIL,9,4,0,0,23.3,21,13,23,9,3,2,0,0,0,0,5.01,1.29
Yacksel,Rios,PHI,24,0,0,0,23.3,26,13,20,8,3,3,1,0,0,2,5.01,1.46
Matt,Bush,TEX,21,0,0,0,23,23,12,19,14,3,0,0,0,0,3,4.7,1.61
Justin,Miller,WAS,17,0,0,0,22.7,15,7,34,7,4,5,1,0,0,2,2.78,0.97
Adam,Morgan,PHI,35,0,0,0,22.7,24,13,21,12,4,0,2,1,3,11,5.16,1.59
Tony,Cingrani,LAD,28,0,0,0,22.3,17,12,36,6,2,1,2,0,2,11,4.84,1.03
Nick,Wittgren,MIA,22,0,0,0,22.3,23,9,20,13,0,2,1,0,0,3,3.63,1.61
Shawn,Kelley,WAS,26,0,0,0,22.3,16,8,24,5,5,0,0,0,1,1,3.22,0.94
Martin,Perez,TEX,5,5,0,0,22.3,41,24,13,12,7,2,3,0,0,0,9.67,2.37
Corey,Knebel,MIL,23,0,0,0,21.7,12,8,34,9,5,2,0,10,2,1,3.32,0.97
Alex,Colome,TB,23,0,0,0,21.7,24,10,23,8,1,2,5,11,2,0,4.15,1.48
Scott,Oberg,COL,19,0,0,0,21.7,18,8,15,7,0,1,0,0,2,4,3.32,1.15
Tanner,Scott,BAL,21,0,0,0,21.3,24,15,29,10,2,0,1,0,2,2,6.33,1.59
Adam,Warren,NYY,18,0,0,0,21.3,19,5,25,9,2,0,1,0,0,2,2.11,1.31
Drew,Hutchison,PHI,11,0,0,0,21.3,21,11,19,13,4,1,1,0,0,0,4.64,1.59
Jerry,Blevins,NYM,35,1,0,0,20.7,19,11,18,12,3,1,1,0,0,5,4.79,1.5
Dan,Altavilla,SEA,22,0,0,0,20.7,11,6,23,15,2,3,2,0,1,5,2.61,1.26
Blaine,Boyer,KC,20,0,0,0,20.7,31,27,9,12,6,2,0,1,0,2,11.76,2.08
Brandon,Finnegan,CIN,5,5,0,0,20.7,27,17,14,15,5,0,3,0,0,0,7.4,2.03
Jackson,Stephens,CIN,14,0,0,0,20.3,24,8,16,5,4,2,1,0,0,0,3.54,1.43
Odrisamer,Despaigne,MIA,11,1,0,0,20.3,22,12,18,8,1,2,0,0,1,0,5.31,1.48
Matt,Bowman,STL,20,0,0,0,20.3,23,13,24,10,4,0,2,0,2,5,5.75,1.62
Greg,Holland,STL,26,0,0,0,20,25,15,18,16,1,0,2,0,2,2,6.75,2.05
Randy,Rosario,CHC,17,0,0,0,20,15,4,11,10,2,3,0,0,1,5,1.8,1.25
Tony,Sipp,HOU,24,0,0,0,20,13,5,18,8,0,2,0,0,0,1,2.25,1.05
Junichi,Tazawa,MIA,22,0,0,0,20,28,20,24,13,6,1,1,0,0,2,9,2.05
Darren,O'Day,BAL,20,0,0,0,20,18,8,27,4,3,0,2,2,2,4,3.6,1.1
Hansel,Robles,NYM,16,0,0,0,19.7,21,11,23,10,7,2,2,0,0,2,5.03,1.58
Joe,Smith,HOU,23,0,0,0,19.7,15,12,20,7,4,2,1,0,1,4,5.49,1.12
George,Kontos,PIT,21,0,0,0,19.7,23,11,9,5,4,2,3,1,1,5,5.03,1.42
Luis,Perdomo,SD,5,5,0,0,19.7,30,15,20,13,1,1,2,0,0,0,6.86,2.19
Caleb,Ferguson,LAD,6,3,0,0,19.7,17,10,22,7,2,1,1,1,0,0,4.58,1.22
AJ,Ramos,NYM,28,0,0,0,19.7,17,14,22,15,3,2,2,0,0,7,6.41,1.63
Erik,Goeddel,LAD,18,0,0,0,19.3,18,8,24,10,3,1,0,0,2,3,3.72,1.45
Aaron,Bummer,CWS,26,0,0,0,19.3,27,7,21,6,0,0,1,0,1,1,3.26,1.71
Yimi,Garcia,LAD,20,0,0,0,19,25,11,16,3,6,1,2,0,1,2,5.21,1.47
Adam,Conley,MIA,19,0,0,0,19,10,3,21,5,2,2,0,0,0,6,1.42,0.79
Drew,VerHagen,DET,14,1,0,0,18.7,20,19,18,9,3,0,2,0,2,0,9.16,1.55
Daniel,Stumpf,DET,29,0,0,0,18,23,12,15,12,1,1,4,0,3,8,6,1.94
JT,Chargois,LAD,21,0,0,0,18,17,9,25,12,2,2,1,0,3,4,4.5,1.61
Jonathan,Loaisiga,NYY,4,4,0,0,18,15,6,21,8,1,2,0,0,0,0,3,1.28
Brett,Cecil,STL,20,0,0,0,18,18,8,11,14,1,0,1,0,0,0,4,1.78
Adam,Wainwright,STL,4,4,0,0,18,19,8,15,14,2,1,3,0,0,0,4,1.83
Phil,Maton,SD,17,0,0,0,17.7,20,3,18,8,0,0,0,0,0,1,1.53,1.58
Brock,Stewart,LAD,9,2,0,0,17.7,23,12,14,9,4,0,1,0,1,0,6.11,1.81
Tyler,Cloyd,MIA,7,0,0,0,17.7,25,17,13,10,3,0,0,0,0,0,8.66,1.98
Neil,Ramirez,CLE,20,0,0,0,17.7,12,4,18,4,2,0,0,0,0,8,2.04,0.91
Keynan,Middleton,LAA,16,0,0,0,17.7,14,4,16,9,1,0,0,6,1,2,2.04,1.3
Luiz,Gohara,ATL,8,1,0,0,17.7,16,13,16,8,3,0,1,1,0,0,6.62,1.36
Max,Fried,ATL,6,2,0,0,17.7,13,5,24,10,3,1,2,0,0,0,2.55,1.3
Yovani,Gallardo,TEX,3,3,0,0,17.7,16,12,14,6,3,2,0,0,0,0,6.11,1.25
Wander,Suero,WAS,15,0,0,0,17.3,14,7,16,6,2,1,0,0,0,0,3.63,1.15
Tyler,Olson,CLE,28,0,0,0,17.3,20,14,23,8,3,1,1,0,0,4,7.27,1.62
Jason,Adam,KC,16,0,0,0,17.3,15,8,16,7,6,0,1,0,0,1,4.15,1.27
Merandy,Gonzalez,MIA,7,0,0,0,17.3,23,11,16,8,3,2,0,0,0,0,5.71,1.79
Mike,Dunn,COL,25,0,0,0,17,22,17,12,18,1,0,0,0,0,5,9,2.35
Felix,Pena,LAA,5,3,0,0,17,20,7,19,5,3,1,0,0,0,0,3.71,1.47
Kevin,Jepsen,TEX,21,0,0,0,16.7,15,11,8,11,4,0,3,0,0,3,5.94,1.56
Drew,Rucinski,MIA,11,0,0,0,16.7,12,6,14,3,1,4,1,0,0,0,3.24,0.9
Andrew,Kittredge,TB,13,3,0,0,16.7,26,18,11,7,3,1,2,0,0,0,9.72,1.98
Trevor,Gott,WAS,18,0,0,0,16.3,14,9,12,8,2,0,2,0,0,2,4.96,1.35
Eduardo,Paredes,LAA,13,0,0,0,16.3,25,14,13,6,5,0,0,0,0,0,7.71,1.9
Ryan,Dull,OAK,17,0,0,0,16,19,9,17,4,3,0,0,0,0,4,5.06,1.44
Diego,Castillo,TB,12,0,0,0,16,9,3,19,4,1,1,0,0,0,6,1.69,0.81
Juan,Minaya,CWS,17,0,0,0,15.7,12,7,22,14,0,0,2,0,0,1,4.02,1.66
Brooks,Pounders,COL,14,0,0,0,15.3,25,13,17,2,3,0,1,0,1,0,7.63,1.76
Daniel,Norris,DET,5,2,0,0,15.3,16,10,18,9,3,0,2,0,0,0,5.87,1.63
Brett,Anderson,OAK,4,4,0,0,15.3,25,13,8,6,3,0,2,0,0,0,7.63,2.02
Roberto,Osuna,TOR,15,0,0,0,15.3,16,5,13,1,0,0,0,9,1,0,2.93,1.11
Scott,Barlow,KC,6,0,0,0,15,16,6,15,3,2,1,1,0,0,0,3.6,1.27
Eddie,Butler,CHC,6,0,0,0,14.7,12,7,10,5,1,0,1,0,0,0,4.3,1.16
Silvino,Bracho,ARI,12,0,0,0,14.7,8,3,21,5,0,2,0,0,0,1,1.84,0.89
Marcus,Walden,BOS,8,0,0,0,14.7,14,6,14,3,0,0,0,1,0,1,3.68,1.16
A.J.,Cole,NYY,8,0,0,0,14.7,7,1,19,6,1,2,0,0,0,0,0.61,0.89
Anthony,Banda,TB,3,1,0,0,14.7,12,6,10,3,1,1,0,0,0,0,3.68,1.02
Austin,Gomber,STL,15,0,0,0,14.3,11,6,10,8,1,0,0,0,0,7,3.77,1.33
Anthony,Swarzak,NYM,14,0,0,0,14.3,19,10,16,7,5,0,1,1,1,1,6.28,1.81
Ryan,Buchter,OAK,19,0,0,0,14.3,14,4,17,6,1,2,0,0,0,7,2.51,1.4
Josh,Lucas,OAK,8,1,0,0,14.3,16,10,14,9,1,0,0,0,0,0,6.28,1.74
Yefry,Ramirez,BAL,3,2,0,0,14.3,8,4,13,4,1,0,2,0,0,0,2.51,0.84
Carson,Smith,BOS,18,0,0,0,14.3,14,6,18,6,2,1,1,0,1,5,3.77,1.4
Anthony,Bass,CHC,14,0,0,0,14.3,15,1,14,1,0,0,0,0,0,2,0.63,1.12
Andrew,Miller,CLE,17,0,0,0,14.3,13,7,23,10,1,1,3,1,3,5,4.4,1.6
Akeel,Morris,LAA,9,0,0,0,14,18,9,7,8,3,0,0,0,0,0,5.79,1.86
Alex,Colome,SEA,15,0,0,0,13.7,13,8,10,4,3,0,0,1,2,11,5.27,1.24
Tyler,Lyons,STL,22,0,0,0,13.7,16,9,15,6,3,1,0,0,2,9,5.93,1.61
Trevor,Oaks,KC,4,2,0,0,13.7,21,11,10,6,1,0,2,0,0,0,7.24,1.98
Jonny,Venters,TB,21,1,0,0,13.7,11,6,11,6,1,1,1,1,0,4,3.95,1.24
Jefry,Rodriguez,WAS,3,2,0,0,13.7,13,9,12,8,3,0,0,0,0,0,5.93,1.54
Tim,Peterson,NYM,10,0,0,0,13.3,9,5,14,2,4,1,1,0,0,2,3.38,0.83
Jacob,Rhame,NYM,13,0,0,0,13.3,16,10,9,4,4,0,1,1,1,2,6.75,1.5
Luke,Jackson,ATL,10,0,0,0,13.3,10,5,18,8,1,1,0,1,0,0,3.38,1.35
Taijuan,Walker,ARI,3,3,0,0,13,15,5,9,5,1,0,0,0,0,0,3.46,1.54
Jake,Thompson,PHI,6,0,0,0,13,13,8,12,6,1,1,0,2,0,0,5.54,1.46
Dovydas,Neverauskas,PIT,12,0,0,0,13,17,14,14,8,4,0,0,0,1,2,9.69,1.92
Adam,Liberatore,LAD,17,0,0,0,13,10,4,12,8,1,2,1,0,1,1,2.77,1.38
Tim,Collins,WAS,17,0,0,0,13,14,4,8,6,2,0,0,0,0,2,2.77,1.54
Ryan,Borucki,TOR,2,2,0,0,13,12,4,11,4,0,0,1,0,0,0,2.77,1.23
Dominic,Leone,STL,15,0,0,0,13,15,6,15,3,3,1,2,0,2,4,4.15,1.38
Edwin,Jackson,OAK,2,2,0,0,12.7,8,3,13,0,2,1,0,0,0,0,2.13,0.63
Jose,Castillo,SD,13,0,0,0,12.7,6,4,18,4,1,1,2,0,0,2,2.84,0.79
Oliver,Drake,MIL,11,0,0,0,12.7,14,9,15,8,0,1,0,0,1,0,6.39,1.74
Justin,Grimm,KC,16,0,0,0,12.7,17,19,8,14,2,1,3,0,2,3,13.5,2.45
Ryan,Carpenter,DET,4,3,0,0,12.7,17,9,7,3,4,0,1,0,0,0,6.39,1.58
Justin,Hancock,CHC,10,0,0,0,12.3,5,2,11,9,1,0,0,0,0,0,1.46,1.14
Miguel,Gonzalez,CWS,3,3,0,0,12.3,24,17,5,6,4,0,3,0,0,0,12.41,2.43
Roenis,Elias,SEA,6,0,0,0,12.3,9,2,8,4,0,2,0,0,0,0,1.46,1.05
Jorge,Lopez,MIL,7,0,0,0,12.3,13,5,12,9,1,0,0,0,0,0,3.65,1.78
Josh,Osich,SF,12,0,0,0,12,20,11,10,7,2,0,0,0,1,2,8.25,2.25
Phil,Hughes,MIN,7,2,0,0,12,14,9,8,5,4,0,0,0,0,0,6.75,1.58
Brandon,Workman,BOS,12,0,0,0,12,5,1,14,4,0,1,0,0,0,1,0.75,0.75
Jake,Petricka,TOR,11,0,0,0,12,20,7,7,4,2,0,0,0,0,0,5.25,2
Tim,Mayza,TOR,12,0,0,0,12,15,5,10,3,3,1,0,0,0,0,3.75,1.5
Xavier,Cedeno,CWS,14,0,0,0,11.7,5,1,15,6,0,0,0,0,0,2,0.77,0.94
Blake,Wood,LAA,13,0,0,0,11.7,8,3,10,7,1,1,0,0,0,4,2.31,1.29
Nick,Goody,CLE,12,0,0,0,11.7,15,9,12,5,4,0,2,0,1,2,6.94,1.71
Luke,Bard,LAA,8,0,0,0,11.7,10,7,13,5,4,0,0,0,0,0,5.4,1.29
Tyler,Duffey,MIN,7,0,0,0,11.3,14,8,8,1,4,1,1,0,0,0,6.35,1.32
Corey,Oswalt,NYM,3,2,0,0,11.3,13,10,7,3,4,0,1,0,0,0,7.94,1.41
Liam,Hendriks,OAK,13,0,0,0,11,17,9,12,7,3,0,0,0,0,0,7.36,2.18
Mark,Melancon,SF,12,0,0,0,11,13,4,8,3,0,0,0,1,2,4,3.27,1.45
Oliver,Perez,CLE,16,0,0,0,11,5,1,12,2,0,0,0,0,0,6,0.82,0.64
Boone,Logan,MIL,16,0,0,0,10.7,15,7,14,10,3,1,0,0,0,0,5.91,2.34
Bobby,Poyner,BOS,10,0,0,0,10.7,12,2,10,1,1,1,0,0,0,2,1.69,1.22
Matt,Belisle,CLE,8,0,0,0,10.7,9,6,4,1,1,0,0,0,1,0,5.06,0.94
A.J.,Cole,WAS,4,2,0,0,10.3,16,15,10,6,6,1,1,0,0,0,13.06,2.13
Lucas,Sims,ATL,6,0,0,0,10.3,12,9,10,8,2,0,0,0,1,0,7.84,1.94
Wilmer,Font,LAD,6,0,0,0,10.3,18,13,7,1,5,0,2,0,1,0,11.32,1.84
John,Lamb,LAA,3,3,0,0,10,15,8,11,4,4,0,1,0,0,0,7.2,1.9
Zach,Britton,BAL,10,0,0,0,9.7,8,6,7,7,1,0,0,1,1,1,5.59,1.55
Erasmo,Ramirez,SEA,2,2,0,0,9.7,14,11,6,1,7,0,2,0,0,0,10.24,1.55
Zac,Curtis,PHI,7,0,0,0,9.7,6,2,10,10,0,0,0,0,0,0,1.86,1.66
Carlos,Torres,WAS,10,0,0,0,9.7,9,7,9,3,3,0,0,0,0,0,6.52,1.24
Ryan,Cook,SEA,11,0,0,0,9.3,9,7,14,6,3,1,1,0,0,5,6.75,1.61
Roberto,Gomez,SF,5,0,0,0,9.3,20,8,8,1,0,1,0,0,0,0,7.71,2.25
Brandon,Maurer,KC,11,0,0,0,9.3,14,10,7,8,4,0,3,0,3,0,9.64,2.36
Kevin,Quackenbush,CIN,10,0,0,0,9,13,11,7,6,3,0,1,0,0,0,11,2.11
Gregory,Infante,CWS,10,0,0,0,9,12,8,6,8,0,1,1,0,0,0,8,2.22
Derek,Law,SF,4,0,0,0,9,12,7,10,4,0,0,0,0,0,0,7,1.78
Tommy,Kahnle,NYY,8,0,0,0,9,6,7,10,10,1,1,0,0,1,2,7,1.78
Luis,Cessa,NYY,5,1,0,0,9,8,5,9,5,1,0,1,0,0,0,5,1.44
Heath,Fillmyer,KC,3,0,0,0,9,4,2,5,3,1,0,0,0,0,0,2,0.78
Adrian,Houser,MIL,5,0,0,0,9,5,1,6,2,0,0,0,0,0,0,1,0.78
Mark,Leiter,PHI,5,0,0,0,8.7,9,4,9,3,2,0,0,0,0,0,4.15,1.38
Phil,Hughes,SD,7,0,0,0,8.7,13,6,11,3,3,0,0,0,0,0,6.23,1.85
Shelby,Miller,ARI,2,2,0,0,8.7,15,11,11,3,3,0,2,0,0,0,11.42,2.08
Deck,McGuire,LAA,3,1,0,0,8.3,9,8,5,3,5,0,1,0,0,0,8.64,1.44
Deck,McGuire,TOR,4,0,0,0,8.3,9,6,7,5,2,0,0,0,0,0,6.48,1.68
Luke,Gregerson,STL,12,0,0,0,8.3,8,8,8,3,2,0,0,0,0,2,8.64,1.32
Casey,Lawrence,SEA,4,0,0,0,8,10,9,7,4,0,0,0,0,0,0,10.13,1.75
Ben,Meyer,MIA,4,0,0,0,8,5,3,3,5,0,0,0,0,0,0,3.38,1.25
Kevin,Shackelford,CIN,5,0,0,0,8,13,7,7,4,0,0,1,0,1,0,7.88,2.13
Danny,Farquhar,CWS,8,0,0,0,8,6,5,9,0,3,1,1,0,1,2,5.63,0.75
Preston,Guilmet,TOR,6,0,0,0,8,11,8,5,4,4,0,0,0,0,0,9,1.88
Justin,Haley,BOS,4,0,0,0,7.7,10,4,0,3,2,0,0,0,0,0,4.7,1.7
Marc,Rzepczynski,SEA,18,0,0,0,7.7,13,8,10,9,2,0,1,0,1,3,9.39,2.87
Cory,Mazzoni,CHC,7,0,0,0,7.7,5,1,5,5,0,1,0,0,0,1,1.17,1.3
Matt,Belisle,MIN,8,0,0,0,7.7,16,8,8,2,1,0,0,0,0,0,9.39,2.35
Tyler,Beede,SF,2,2,0,0,7.7,9,7,9,8,0,0,1,0,0,0,8.22,2.22
Chris,Beck,NYM,5,0,0,0,7.3,8,4,5,5,2,0,0,0,0,0,4.91,1.77
Brett,Graves,MIA,4,0,0,0,7.3,10,6,3,3,0,0,1,0,0,0,7.36,1.77
Edward,Paredes,LAD,13,0,0,0,7.3,7,5,8,1,2,2,0,0,0,2,6.14,1.09
Erik,Goeddel,SEA,5,0,0,0,7.3,4,1,9,5,0,2,0,0,0,0,1.23,1.23
Donnie,Hart,BAL,8,0,0,0,7.3,12,3,3,2,0,0,0,0,0,0,3.68,1.91
Chad,Bell,DET,3,0,0,0,7.3,14,7,7,2,1,0,1,0,0,0,8.59,2.18
Evan,Marshall,CLE,10,0,0,0,7,12,6,9,4,0,0,0,0,1,3,7.71,2.29
Zac,Reininger,DET,7,0,0,0,7,10,8,4,5,2,0,0,0,0,0,10.29,2.14
Chris,O'Grady,MIA,8,0,0,0,7,7,5,8,4,2,0,1,0,1,0,6.43,1.57
Giovanny,Gallegos,NYY,3,0,0,0,7,8,3,10,1,1,0,0,0,0,0,3.86,1.29
Alan,Busenitz,MIN,6,0,0,0,7,13,5,12,2,2,2,0,0,0,0,6.43,2.14
Gabriel,Moya,MIN,6,0,0,0,7,6,6,10,2,3,0,0,0,0,0,7.71,1.14
Christian,Bergman,SEA,1,1,0,0,7,2,0,5,0,0,0,0,0,0,0,0,0.29
Austin,Davis,PHI,6,0,0,0,7,8,3,11,3,0,0,0,0,0,1,3.86,1.57
Wily,Peralta,KC,7,0,0,0,6.7,6,1,7,4,0,0,0,2,0,1,1.35,1.5
Johnny,Barbato,DET,7,0,0,0,6.7,11,9,2,5,3,0,0,0,0,2,12.15,2.4
JC,Ramirez,LAA,2,2,0,0,6.7,7,7,4,7,3,0,2,0,0,0,9.45,2.1
Wilmer,Font,OAK,4,0,0,0,6.7,13,11,9,4,5,0,0,0,0,0,14.85,2.55
Kelvin,Herrera,WAS,7,0,0,0,6.7,5,3,5,3,1,1,0,0,0,1,4.05,1.2
Hunter,Wood,TB,3,0,0,0,6.3,5,2,3,2,1,0,0,0,0,0,2.84,1.11
Jose,Ramirez,ATL,7,0,0,0,6.3,9,12,7,8,0,0,2,0,0,0,17.05,2.68
Jimmy,Yacabonis,BAL,3,1,0,0,6.3,9,6,6,6,1,0,0,0,0,0,8.53,2.37
Clay,Holmes,PIT,3,1,0,0,6.3,7,5,4,6,0,0,1,0,0,0,7.11,2.05
Nick,Rumbelow,SEA,5,0,0,0,6.3,6,3,6,1,2,0,0,0,0,0,4.26,1.11
Wade,Miley,MIL,2,2,0,0,6.3,4,1,4,4,0,1,0,0,0,0,1.42,1.26
Pablo,Lopez,MIA,1,1,0,0,6,6,2,5,1,2,1,0,0,0,0,3,1.17
Carlos,Ramirez,OAK,3,0,0,0,6,2,2,2,4,0,0,0,0,0,0,3,1
Ben,Taylor,CLE,6,0,0,0,6,6,4,8,1,2,0,0,0,0,0,6,1.17
Tanner,Rainey,CIN,6,0,0,0,6,6,9,7,9,2,0,0,0,0,0,13.5,2.5
Brandon,Mann,TEX,4,0,0,0,6,4,1,1,2,1,0,0,0,0,0,1.5,1
Jacob,Turner,MIA,4,0,0,0,5.7,13,10,2,5,1,0,0,0,0,0,15.88,3.18
Matt,Shoemaker,LAA,1,1,0,0,5.7,4,3,4,4,0,1,0,0,0,0,4.76,1.41
P.J.,Conlon,NYM,2,2,0,0,5.7,12,7,2,2,2,0,0,0,0,0,11.12,2.47
Ryan,Sherriff,STL,5,0,0,0,5.7,8,4,3,2,1,0,0,0,0,1,6.35,1.76
Aaron,Slegers,MIN,1,0,0,0,5.3,6,2,3,1,1,0,0,0,0,0,3.38,1.31
Hansel,Robles,LAA,6,0,0,0,5.3,6,3,7,2,1,0,1,0,0,1,5.06,1.5
Jake,Barrett,ARI,5,0,0,0,5.3,7,3,5,1,1,0,0,0,0,0,5.06,1.5
Jeff,Hoffman,COL,5,0,0,0,5.3,7,6,3,6,0,0,0,0,0,1,10.13,2.44
George,Kontos,CLE,6,0,0,0,5.3,3,2,4,2,1,0,0,0,0,0,3.38,0.94
Rob,Zastryzny,CHC,5,0,0,0,5.3,4,1,3,3,0,1,0,0,0,0,1.69,1.31
Ryan,Weber,TB,2,0,0,0,5.3,5,3,1,2,0,0,1,0,0,0,5.06,1.31
Tyler,Webb,SD,4,0,0,0,5,6,7,4,3,2,0,1,0,0,0,12.6,1.8
Nick,Gardewine,TEX,3,0,0,0,5,7,2,4,0,0,0,0,0,0,0,3.6,1.4
Cody,Reed,CIN,4,1,0,0,5,5,3,7,1,2,0,0,0,0,0,5.4,1.2
Miguel,Socolovich,ATL,4,0,0,0,5,8,6,4,2,0,0,1,0,0,0,10.8,2
Ariel,Miranda,SEA,1,1,0,0,5,6,1,5,4,0,0,0,0,0,0,1.8,2
Braden,Shipley,ARI,3,0,0,0,5,4,4,3,2,0,0,0,0,0,0,7.2,1.2
David,Hale,NYY,2,0,0,0,5,7,2,5,0,2,0,0,0,0,0,3.6,1.4
Sandy,Alcantara,MIA,1,1,0,0,5,3,1,2,5,0,1,0,0,0,0,1.8,1.6
Jose,Valdez,SF,4,0,0,0,5,8,7,4,1,3,0,0,0,0,0,12.6,1.8
Josh,Smoker,PIT,6,0,0,0,5,9,4,1,3,1,0,0,0,1,0,7.2,2.4
Hoby,Milner,PHI,10,0,0,0,4.7,6,4,4,3,1,0,0,0,0,0,7.71,1.93
Tyler,Bashlor,NYM,2,0,0,0,4.7,4,3,2,1,1,0,0,0,0,0,5.79,1.07
Nestor,Cortes,BAL,4,0,0,0,4.7,10,4,3,4,2,0,0,0,0,0,7.71,3
Jeff,Beliveau,CLE,9,0,0,0,4.7,7,6,2,5,2,0,0,1,0,0,11.57,2.57
Ariel,Jurado,TEX,1,1,0,0,4.7,6,4,2,2,0,0,1,0,0,0,7.71,1.71
Sandy,Baez,DET,1,0,0,0,4.3,0,0,4,3,0,0,0,0,0,0,0,0.69
D.J.,Snelten,SF,4,0,0,0,4.3,9,5,4,3,2,0,0,0,0,0,10.38,2.77
Oliver,Drake,CLE,4,0,0,0,4.3,7,6,4,1,0,0,0,0,0,0,12.46,1.85
Pat,Venditte,LAD,5,0,0,0,4.3,8,4,4,1,1,0,0,0,0,0,8.31,2.08
Gerson,Bautista,NYM,5,0,0,0,4.3,8,6,3,5,2,0,1,0,0,0,12.46,3
Rob,Whalen,SEA,1,0,0,0,4,1,0,0,1,0,0,0,0,0,0,0,0.5
Kyle,McGrath,SD,4,0,0,0,4,3,2,4,3,2,0,0,0,0,0,4.5,1.5
Daniel,Corcino,LAD,2,0,0,0,4,2,1,1,3,0,0,0,1,0,0,2.25,1.25
Adalberto,Mejia,MIN,1,1,0,0,4,6,4,1,3,0,0,0,0,0,0,9,2.25
Kris,Medlen,ARI,1,1,0,0,4,9,7,4,4,0,0,1,0,0,0,15.75,3.25
Jimmie,Sherfy,ARI,4,0,0,0,4,2,1,3,4,1,0,0,0,0,1,2.25,1.5
Jalen,Beeks,BOS,1,1,0,0,4,7,6,4,3,1,0,1,0,0,0,13.5,2.5
Enny,Romero,PIT,2,0,0,0,4,7,2,5,3,0,0,0,0,0,0,4.5,2.5
Duane,Underwood,CHC,1,1,0,0,4,2,1,3,3,1,0,1,0,0,0,2.25,1.25
Alex,Reyes,STL,1,1,0,0,4,3,0,2,2,0,0,0,0,0,0,0,1.25
Yohander,Mendez,TEX,2,1,0,0,3.7,8,6,1,2,1,0,1,0,0,0,14.73,2.73
Kyle,Crockett,CIN,7,0,0,0,3.7,2,1,5,1,0,0,0,0,0,1,2.45,0.82
Troy,Scribner,ARI,1,1,0,0,3.7,4,2,4,6,0,0,1,0,0,0,4.91,2.73
Dennis,Santana,LAD,1,0,0,0,3.7,6,5,4,1,0,1,0,0,0,0,12.27,1.91
Walker,Lockett,SD,1,1,0,0,3.7,4,4,2,5,0,0,1,0,0,0,9.82,2.45
Chris,Flexen,NYM,3,0,0,0,3.3,9,4,1,3,1,0,1,0,0,0,10.8,3.6
Tyler,Kinley,MIN,4,0,0,0,3.3,9,9,4,4,2,0,0,0,0,0,24.3,3.9
Zack,Littell,MIN,2,1,0,0,3.3,7,7,1,6,1,0,2,0,0,0,18.9,3.9
David,Hale,MIN,1,0,0,0,3,4,4,2,4,1,0,0,0,0,0,12,2.67
Aaron,Wilkerson,MIL,1,0,0,0,3,5,5,3,0,1,0,0,0,0,0,15,1.67
Buddy,Baumann,NYM,3,0,0,0,3,7,8,4,5,1,0,1,0,0,0,24,4
Drew,Smith,NYM,3,0,0,0,3,4,1,2,2,0,0,0,0,0,0,3,2
Robert,Stock,SD,4,0,0,0,3,5,1,5,0,0,0,0,0,0,0,3,1.67
Taylor,Cole,LAA,1,0,0,0,3,1,0,2,0,0,0,0,0,0,0,0,0.33
Josh,Ravin,ATL,2,0,0,0,3,2,2,1,2,0,0,1,0,0,0,6,1.33
Joey,Krehbiel,ARI,2,0,0,0,3,1,0,0,2,0,0,0,0,0,0,0,1
Luis,Santos,TOR,2,0,0,0,3,7,6,4,3,0,0,0,0,0,0,18,3.33
Chih-Wei,Hu,TB,1,0,0,0,2.7,3,3,2,1,1,0,0,0,0,0,10.13,1.5
Ryan,Meisinger,BAL,2,0,0,0,2.7,3,1,2,1,1,0,0,0,0,0,3.38,1.5
Oliver,Drake,LAA,4,0,0,0,2.7,8,3,4,1,2,0,1,0,0,0,10.13,3.38
Randy,Messenger,BAL,2,0,0,0,2.7,3,1,2,1,1,0,0,0,0,0,3.38,1.5
Dillon,Maples,CHC,2,0,0,0,2.7,4,5,4,3,1,0,0,0,0,0,16.88,2.63
Evan,Phillips,ATL,1,0,0,0,2.3,1,2,1,2,1,0,0,0,0,0,7.71,1.29
Carlos,Ramirez,TOR,2,0,0,0,2.3,1,1,3,5,0,0,0,0,0,0,3.86,2.57
Eric,Stout,KC,3,0,0,0,2.3,7,6,2,2,2,0,0,0,0,0,23.14,3.86
Yovani,Gallardo,CIN,3,0,0,0,2.3,8,8,2,4,1,0,0,0,0,0,30.86,5.14
Rhiner,Cruz,TOR,1,0,0,0,2,1,0,2,0,0,0,0,0,0,0,0,0.5
Preston,Guilmet,STL,2,0,0,0,2,7,5,3,0,2,0,1,0,0,0,22.5,3.5
Alec,Asher,MIL,1,0,0,0,2,2,0,2,1,0,0,0,0,0,0,0,1.5
Ian,Krol,LAA,1,0,0,0,2,1,0,2,1,0,0,0,0,0,0,0,1
Tanner,Anderson,PIT,1,0,0,0,2,8,5,1,2,0,0,0,0,0,0,22.5,5
Michael,Morin,SEA,2,0,0,0,2,3,1,3,1,0,0,0,0,1,0,4.5,2
Jake,Jewell,LAA,3,0,0,0,2,2,2,1,1,0,0,1,0,0,0,9,1.5
Paul,Fry,BAL,2,0,0,0,2,2,0,2,0,0,0,0,0,0,0,0,1
William,Cuevas,BOS,1,0,0,0,2,2,1,0,0,1,0,0,0,0,0,4.5,1
Jen-Ho,Tseng,CHC,1,1,0,0,2,4,3,3,0,1,0,0,0,0,0,13.5,2
Enny,Romero,WAS,2,0,0,0,2,5,3,2,1,1,0,0,0,0,0,13.5,3
Reymin,Guduan,HOU,1,0,0,0,2,1,1,3,0,1,0,0,0,0,0,4.5,0.5
Yency,Almonte,COL,2,0,0,0,2,1,0,1,1,0,0,0,0,0,1,0,1
Parker,Bridwell,LAA,1,1,0,0,1.7,7,6,0,0,3,0,0,0,0,0,32.4,4.2
Colten,Brewer,SD,2,0,0,0,1.7,5,0,1,2,0,0,0,0,0,0,0,4.2
Scott,Copeland,NYM,1,0,0,0,1.3,1,0,2,0,0,0,0,0,0,0,0,0.75
J.J.,Hoover,MIL,2,0,0,0,1.3,4,3,0,2,1,0,1,0,1,0,20.25,4.5
Marc,Rzepczynski,CLE,2,0,0,0,1.3,1,0,1,0,0,0,0,0,0,1,0,0.75
Alexi,Ogando,CLE,1,0,0,0,1,2,2,1,3,0,0,1,0,0,0,18,5
Sam,Howard,COL,1,0,0,0,1,1,0,0,0,0,0,0,0,0,0,0,1
Chase,Whitley,ATL,1,0,0,0,1,2,2,1,1,1,0,0,0,0,0,18,3
Zach,Neal,LAD,1,0,0,0,1,2,1,0,0,1,0,0,0,0,0,9,2
Jaime,Schultz,TB,1,0,0,0,1,0,0,3,0,0,0,0,0,0,1,0,0
Austin,Adams,WAS,2,0,0,0,1,1,0,0,3,0,0,0,0,0,0,0,4
John,Curtiss,MIN,2,0,0,0,0.7,2,3,1,2,0,0,1,0,0,0,40.5,6
Jerry,Vasto,COL,1,0,0,0,0.7,3,3,1,1,0,0,0,0,0,0,40.5,6
James,Hoyt,HOU,1,0,0,0,0.3,1,0,0,1,0,0,0,0,0,0,0,6
Robby,Scott,BOS,1,0,0,0,0.3,0,2,0,1,0,0,1,0,0,0,54,3
Buddy,Baumann,SD,1,0,0,0,0.3,2,2,0,2,0,0,1,0,0,0,54,12
Pat,Neshek,PHI,1,0,0,0,0.3,1,0,0,0,0,0,0,0,0,0,0,3
